id,question_id,partner_answer_id,jump_to_question_id,order,created
1,2,1,NULL,NULL,2016-07-13 00:52:22
2,2,2,NULL,NULL,2016-07-13 00:52:22
3,3,1,NULL,NULL,2016-07-13 00:52:22
4,3,2,NULL,NULL,2016-07-13 00:52:22
5,3,3,NULL,NULL,2016-07-13 00:52:22
6,3,4,NULL,NULL,2016-07-13 00:52:22
7,3,5,NULL,NULL,2016-07-13 00:52:22
8,4,1,NULL,NULL,2016-07-13 00:52:23
9,4,2,NULL,NULL,2016-07-13 00:52:23
10,4,3,NULL,NULL,2016-07-13 00:52:23
11,4,4,NULL,NULL,2016-07-13 00:52:23
12,4,5,NULL,NULL,2016-07-13 00:52:23
13,4,6,NULL,NULL,2016-07-13 00:52:23
14,4,7,NULL,NULL,2016-07-13 00:52:23
15,4,8,NULL,NULL,2016-07-13 00:52:23
16,4,9,NULL,NULL,2016-07-13 00:52:23
17,4,10,NULL,NULL,2016-07-13 00:52:23
18,4,11,NULL,NULL,2016-07-13 00:52:23
19,4,12,NULL,NULL,2016-07-13 00:52:23
20,5,1,NULL,NULL,2016-07-13 00:52:23
21,5,2,NULL,NULL,2016-07-13 00:52:23
22,5,3,NULL,NULL,2016-07-13 00:52:23
23,6,1,NULL,NULL,2016-07-13 00:52:23
24,6,2,NULL,NULL,2016-07-13 00:52:23
25,6,3,NULL,NULL,2016-07-13 00:52:23
26,6,4,NULL,NULL,2016-07-13 00:52:23
27,6,5,NULL,NULL,2016-07-13 00:52:23
28,6,6,NULL,NULL,2016-07-13 00:52:23
29,6,7,NULL,NULL,2016-07-13 00:52:23
30,6,8,NULL,NULL,2016-07-13 00:52:23
31,6,9,NULL,NULL,2016-07-13 00:52:23
32,6,10,NULL,NULL,2016-07-13 00:52:23
33,6,-3105,NULL,NULL,2016-07-13 00:52:23
34,7,1,NULL,NULL,2016-07-13 00:52:23
35,7,2,NULL,NULL,2016-07-13 00:52:23
36,7,3,NULL,NULL,2016-07-13 00:52:23
37,7,5,NULL,NULL,2016-07-13 00:52:23
38,8,1,NULL,NULL,2016-07-13 00:52:23
39,8,2,NULL,NULL,2016-07-13 00:52:23
40,8,3,NULL,NULL,2016-07-13 00:52:23
41,8,4,NULL,NULL,2016-07-13 00:52:23
42,8,5,NULL,NULL,2016-07-13 00:52:23
43,8,6,NULL,NULL,2016-07-13 00:52:23
44,8,7,NULL,NULL,2016-07-13 00:52:23
45,9,1,NULL,NULL,2016-07-13 00:52:24
46,9,2,NULL,NULL,2016-07-13 00:52:24
47,9,3,NULL,NULL,2016-07-13 00:52:24
48,9,4,NULL,NULL,2016-07-13 00:52:24
49,9,5,NULL,NULL,2016-07-13 00:52:24
50,9,6,NULL,NULL,2016-07-13 00:52:24
51,9,7,NULL,NULL,2016-07-13 00:52:24
52,9,8,NULL,NULL,2016-07-13 00:52:24
53,10,1,NULL,NULL,2016-07-13 00:52:24
54,10,2,NULL,NULL,2016-07-13 00:52:24
55,10,3,NULL,NULL,2016-07-13 00:52:24
56,10,4,NULL,NULL,2016-07-13 00:52:24
57,10,5,NULL,NULL,2016-07-13 00:52:24
58,10,6,NULL,NULL,2016-07-13 00:52:24
59,10,7,NULL,NULL,2016-07-13 00:52:24
60,10,8,NULL,NULL,2016-07-13 00:52:24
61,10,9,NULL,NULL,2016-07-13 00:52:24
62,10,10,NULL,NULL,2016-07-13 00:52:24
63,10,11,NULL,NULL,2016-07-13 00:52:24
64,10,12,NULL,NULL,2016-07-13 00:52:24
65,10,13,NULL,NULL,2016-07-13 00:52:24
66,10,14,NULL,NULL,2016-07-13 00:52:24
67,10,15,NULL,NULL,2016-07-13 00:52:24
68,10,16,NULL,NULL,2016-07-13 00:52:24
69,10,17,NULL,NULL,2016-07-13 00:52:24
70,10,18,NULL,NULL,2016-07-13 00:52:24
71,10,19,NULL,NULL,2016-07-13 00:52:24
72,10,20,NULL,NULL,2016-07-13 00:52:24
73,10,21,NULL,NULL,2016-07-13 00:52:24
74,10,22,NULL,NULL,2016-07-13 00:52:24
75,10,23,NULL,NULL,2016-07-13 00:52:24
76,10,24,NULL,NULL,2016-07-13 00:52:24
77,10,25,NULL,NULL,2016-07-13 00:52:24
78,10,26,NULL,NULL,2016-07-13 00:52:24
79,10,27,NULL,NULL,2016-07-13 00:52:24
80,10,28,NULL,NULL,2016-07-13 00:52:24
81,10,29,NULL,NULL,2016-07-13 00:52:24
82,10,30,NULL,NULL,2016-07-13 00:52:24
83,10,31,NULL,NULL,2016-07-13 00:52:24
84,10,32,NULL,NULL,2016-07-13 00:52:24
85,10,33,NULL,NULL,2016-07-13 00:52:24
86,10,34,NULL,NULL,2016-07-13 00:52:24
87,10,35,NULL,NULL,2016-07-13 00:52:24
88,10,36,NULL,NULL,2016-07-13 00:52:24
89,10,37,NULL,NULL,2016-07-13 00:52:24
90,10,38,NULL,NULL,2016-07-13 00:52:24
91,10,39,NULL,NULL,2016-07-13 00:52:24
92,10,40,NULL,NULL,2016-07-13 00:52:24
93,10,41,NULL,NULL,2016-07-13 00:52:24
94,10,42,NULL,NULL,2016-07-13 00:52:24
95,10,43,NULL,NULL,2016-07-13 00:52:24
96,10,44,NULL,NULL,2016-07-13 00:52:24
97,10,45,NULL,NULL,2016-07-13 00:52:24
98,10,46,NULL,NULL,2016-07-13 00:52:24
99,10,47,NULL,NULL,2016-07-13 00:52:24
100,10,48,NULL,NULL,2016-07-13 00:52:24
101,10,49,NULL,NULL,2016-07-13 00:52:24
102,10,50,NULL,NULL,2016-07-13 00:52:24
103,10,51,NULL,NULL,2016-07-13 00:52:24
104,11,1,NULL,NULL,2016-07-13 00:52:24
105,11,2,NULL,NULL,2016-07-13 00:52:24
106,11,3,NULL,NULL,2016-07-13 00:52:24
107,11,4,NULL,NULL,2016-07-13 00:52:24
108,11,5,NULL,NULL,2016-07-13 00:52:24
109,11,6,NULL,NULL,2016-07-13 00:52:24
110,11,7,NULL,NULL,2016-07-13 00:52:24
111,11,8,NULL,NULL,2016-07-13 00:52:24
112,11,9,NULL,NULL,2016-07-13 00:52:24
113,11,10,NULL,NULL,2016-07-13 00:52:24
114,11,11,NULL,NULL,2016-07-13 00:52:24
115,11,12,NULL,NULL,2016-07-13 00:52:24
116,11,13,NULL,NULL,2016-07-13 00:52:24
117,11,14,NULL,NULL,2016-07-13 00:52:24
118,12,1,NULL,NULL,2016-07-13 00:52:24
119,12,2,NULL,NULL,2016-07-13 00:52:24
120,12,3,NULL,NULL,2016-07-13 00:52:24
121,12,4,NULL,NULL,2016-07-13 00:52:24
122,12,5,NULL,NULL,2016-07-13 00:52:24
123,12,6,NULL,NULL,2016-07-13 00:52:24
124,12,7,NULL,NULL,2016-07-13 00:52:24
125,12,8,NULL,NULL,2016-07-13 00:52:24
126,12,9,NULL,NULL,2016-07-13 00:52:24
127,12,10,NULL,NULL,2016-07-13 00:52:24
128,12,11,NULL,NULL,2016-07-13 00:52:24
129,12,12,NULL,NULL,2016-07-13 00:52:24
130,12,13,NULL,NULL,2016-07-13 00:52:24
131,12,14,NULL,NULL,2016-07-13 00:52:24
132,12,15,NULL,NULL,2016-07-13 00:52:24
133,13,1,NULL,NULL,2016-07-13 00:52:24
134,13,2,NULL,NULL,2016-07-13 00:52:24
135,13,3,NULL,NULL,2016-07-13 00:52:24
136,13,4,NULL,NULL,2016-07-13 00:52:24
137,14,1,NULL,NULL,2016-07-13 00:52:25
138,14,2,NULL,NULL,2016-07-13 00:52:25
139,14,3,NULL,NULL,2016-07-13 00:52:25
140,15,1,NULL,NULL,2016-07-13 00:52:25
141,15,2,NULL,NULL,2016-07-13 00:52:25
142,15,3,NULL,NULL,2016-07-13 00:52:25
143,15,4,NULL,NULL,2016-07-13 00:52:25
144,15,5,NULL,NULL,2016-07-13 00:52:25
145,15,6,NULL,NULL,2016-07-13 00:52:25
146,15,7,NULL,NULL,2016-07-13 00:52:25
147,15,8,NULL,NULL,2016-07-13 00:52:25
148,15,9,NULL,NULL,2016-07-13 00:52:25
149,15,10,NULL,NULL,2016-07-13 00:52:25
150,15,11,NULL,NULL,2016-07-13 00:52:25
151,15,12,NULL,NULL,2016-07-13 00:52:25
152,15,13,NULL,NULL,2016-07-13 00:52:25
153,15,14,NULL,NULL,2016-07-13 00:52:25
154,15,15,NULL,NULL,2016-07-13 00:52:25
155,15,16,NULL,NULL,2016-07-13 00:52:25
156,15,17,NULL,NULL,2016-07-13 00:52:25
157,15,18,NULL,NULL,2016-07-13 00:52:25
158,15,19,NULL,NULL,2016-07-13 00:52:25
159,15,20,NULL,NULL,2016-07-13 00:52:25
160,15,21,NULL,NULL,2016-07-13 00:52:25
161,15,22,NULL,NULL,2016-07-13 00:52:25
162,15,23,NULL,NULL,2016-07-13 00:52:25
163,15,24,NULL,NULL,2016-07-13 00:52:25
164,15,25,NULL,NULL,2016-07-13 00:52:25
165,15,26,NULL,NULL,2016-07-13 00:52:25
166,15,27,NULL,NULL,2016-07-13 00:52:25
167,15,28,NULL,NULL,2016-07-13 00:52:25
168,15,29,NULL,NULL,2016-07-13 00:52:25
169,15,30,NULL,NULL,2016-07-13 00:52:25
170,15,31,NULL,NULL,2016-07-13 00:52:25
171,15,32,NULL,NULL,2016-07-13 00:52:25
172,15,33,NULL,NULL,2016-07-13 00:52:25
173,15,34,NULL,NULL,2016-07-13 00:52:25
174,15,35,NULL,NULL,2016-07-13 00:52:25
175,15,36,NULL,NULL,2016-07-13 00:52:25
176,15,37,NULL,NULL,2016-07-13 00:52:25
177,15,38,NULL,NULL,2016-07-13 00:52:25
178,15,39,NULL,NULL,2016-07-13 00:52:25
179,15,40,NULL,NULL,2016-07-13 00:52:25
180,15,41,NULL,NULL,2016-07-13 00:52:25
181,15,42,NULL,NULL,2016-07-13 00:52:25
182,15,43,20,NULL,2016-07-13 00:52:25
183,16,1,NULL,NULL,2016-07-13 00:52:25
184,16,2,NULL,NULL,2016-07-13 00:52:25
185,16,3,NULL,NULL,2016-07-13 00:52:25
186,16,4,NULL,NULL,2016-07-13 00:52:25
187,16,5,NULL,NULL,2016-07-13 00:52:25
188,16,6,NULL,NULL,2016-07-13 00:52:25
189,16,7,NULL,NULL,2016-07-13 00:52:25
190,16,8,NULL,NULL,2016-07-13 00:52:25
191,16,9,NULL,NULL,2016-07-13 00:52:25
192,16,10,NULL,NULL,2016-07-13 00:52:25
193,16,11,NULL,NULL,2016-07-13 00:52:25
194,16,12,NULL,NULL,2016-07-13 00:52:25
195,16,13,NULL,NULL,2016-07-13 00:52:25
196,16,14,NULL,NULL,2016-07-13 00:52:25
197,16,15,20,NULL,2016-07-13 00:52:25
198,17,1,NULL,NULL,2016-07-13 00:52:25
199,17,22,NULL,NULL,2016-07-13 00:52:25
200,17,3,NULL,NULL,2016-07-13 00:52:25
201,17,4,NULL,NULL,2016-07-13 00:52:25
202,17,5,NULL,NULL,2016-07-13 00:52:25
203,17,6,NULL,NULL,2016-07-13 00:52:25
204,17,7,NULL,NULL,2016-07-13 00:52:25
205,17,8,NULL,NULL,2016-07-13 00:52:25
206,17,9,NULL,NULL,2016-07-13 00:52:25
207,17,24,NULL,NULL,2016-07-13 00:52:25
208,17,10,NULL,NULL,2016-07-13 00:52:25
209,17,11,NULL,NULL,2016-07-13 00:52:25
210,17,12,NULL,NULL,2016-07-13 00:52:25
211,17,13,NULL,NULL,2016-07-13 00:52:25
212,17,14,NULL,NULL,2016-07-13 00:52:25
213,17,15,NULL,NULL,2016-07-13 00:52:25
214,17,16,NULL,NULL,2016-07-13 00:52:25
215,17,17,NULL,NULL,2016-07-13 00:52:25
216,17,18,NULL,NULL,2016-07-13 00:52:25
217,17,19,NULL,NULL,2016-07-13 00:52:25
218,17,20,NULL,NULL,2016-07-13 00:52:25
219,17,21,NULL,NULL,2016-07-13 00:52:25
220,17,23,20,NULL,2016-07-13 00:52:25
1606,17,25,NULL,NULL,2016-07-13 00:54:04
221,18,1,NULL,NULL,2016-07-13 00:52:26
222,18,23,20,NULL,2016-07-13 00:52:26
223,18,3,NULL,NULL,2016-07-13 00:52:26
224,18,4,NULL,NULL,2016-07-13 00:52:26
225,18,5,NULL,NULL,2016-07-13 00:52:26
226,18,6,NULL,NULL,2016-07-13 00:52:26
227,18,7,NULL,NULL,2016-07-13 00:52:26
228,18,8,NULL,NULL,2016-07-13 00:52:26
229,18,9,NULL,NULL,2016-07-13 00:52:26
230,18,24,NULL,NULL,2016-07-13 00:52:26
231,18,22,NULL,NULL,2016-07-13 00:52:26
232,18,10,NULL,NULL,2016-07-13 00:52:26
233,18,11,NULL,NULL,2016-07-13 00:52:26
234,18,12,NULL,NULL,2016-07-13 00:52:26
235,18,13,NULL,NULL,2016-07-13 00:52:26
236,18,14,NULL,NULL,2016-07-13 00:52:26
237,18,15,NULL,NULL,2016-07-13 00:52:26
238,18,16,NULL,NULL,2016-07-13 00:52:26
239,18,17,NULL,NULL,2016-07-13 00:52:26
240,18,18,NULL,NULL,2016-07-13 00:52:26
241,18,19,NULL,NULL,2016-07-13 00:52:26
242,18,20,NULL,NULL,2016-07-13 00:52:26
243,18,21,NULL,NULL,2016-07-13 00:52:26
244,18,-3105,NULL,NULL,2016-07-13 00:52:26
1607,18,25,NULL,NULL,2016-07-13 00:54:04
245,19,1,NULL,NULL,2016-07-13 00:52:26
246,19,2,NULL,NULL,2016-07-13 00:52:26
247,19,3,20,NULL,2016-07-13 00:52:26
248,20,1,NULL,NULL,2016-07-13 00:52:26
249,20,2,NULL,NULL,2016-07-13 00:52:26
250,21,1,NULL,NULL,2016-07-13 00:52:26
251,21,2,NULL,NULL,2016-07-13 00:52:26
252,21,3,NULL,NULL,2016-07-13 00:52:26
253,21,4,NULL,NULL,2016-07-13 00:52:26
254,21,5,NULL,NULL,2016-07-13 00:52:26
255,21,6,NULL,NULL,2016-07-13 00:52:26
1608,22,1,NULL,NULL,2016-07-13 00:54:05
1609,22,2,NULL,NULL,2016-07-13 00:54:05
1610,22,3,NULL,NULL,2016-07-13 00:54:05
1611,22,4,NULL,NULL,2016-07-13 00:54:05
1612,22,5,NULL,NULL,2016-07-13 00:54:05
1613,22,6,NULL,NULL,2016-07-13 00:54:05
1614,22,7,NULL,NULL,2016-07-13 00:54:05
1615,22,8,NULL,NULL,2016-07-13 00:54:05
1616,22,9,NULL,NULL,2016-07-13 00:54:05
1617,22,10,NULL,NULL,2016-07-13 00:54:05
1618,22,11,NULL,NULL,2016-07-13 00:54:05
1619,22,12,NULL,NULL,2016-07-13 00:54:05
1620,22,13,NULL,NULL,2016-07-13 00:54:05
1621,22,14,NULL,NULL,2016-07-13 00:54:05
1622,22,15,NULL,NULL,2016-07-13 00:54:05
1623,22,16,NULL,NULL,2016-07-13 00:54:05
1624,22,17,NULL,NULL,2016-07-13 00:54:05
1625,22,18,NULL,NULL,2016-07-13 00:54:05
1626,22,19,NULL,NULL,2016-07-13 00:54:05
1627,22,20,NULL,NULL,2016-07-13 00:54:05
1628,22,21,NULL,NULL,2016-07-13 00:54:05
1629,22,22,NULL,NULL,2016-07-13 00:54:05
1630,22,23,NULL,NULL,2016-07-13 00:54:05
1631,22,24,NULL,NULL,2016-07-13 00:54:05
1632,22,25,NULL,NULL,2016-07-13 00:54:05
1633,22,26,NULL,NULL,2016-07-13 00:54:05
1634,22,27,NULL,NULL,2016-07-13 00:54:05
1635,22,28,NULL,NULL,2016-07-13 00:54:05
1636,22,29,NULL,NULL,2016-07-13 00:54:05
1637,22,30,NULL,NULL,2016-07-13 00:54:05
1638,22,31,NULL,NULL,2016-07-13 00:54:05
1639,22,32,NULL,NULL,2016-07-13 00:54:05
1640,22,33,NULL,NULL,2016-07-13 00:54:05
1641,22,34,NULL,NULL,2016-07-13 00:54:05
1642,22,35,NULL,NULL,2016-07-13 00:54:05
1643,22,36,NULL,NULL,2016-07-13 00:54:05
1644,22,37,NULL,NULL,2016-07-13 00:54:05
1645,22,38,NULL,NULL,2016-07-13 00:54:05
1646,22,39,NULL,NULL,2016-07-13 00:54:05
1647,22,40,NULL,NULL,2016-07-13 00:54:05
1648,22,41,NULL,NULL,2016-07-13 00:54:05
1649,22,42,NULL,NULL,2016-07-13 00:54:05
1650,22,43,NULL,NULL,2016-07-13 00:54:05
1651,22,44,NULL,NULL,2016-07-13 00:54:05
1652,22,45,NULL,NULL,2016-07-13 00:54:05
1653,22,46,NULL,NULL,2016-07-13 00:54:05
1654,22,47,NULL,NULL,2016-07-13 00:54:05
1655,22,48,NULL,NULL,2016-07-13 00:54:05
1656,22,49,NULL,NULL,2016-07-13 00:54:05
1657,22,50,NULL,NULL,2016-07-13 00:54:05
1658,22,51,NULL,NULL,2016-07-13 00:54:05
1659,22,52,NULL,NULL,2016-07-13 00:54:05
1660,22,53,NULL,NULL,2016-07-13 00:54:05
1661,22,54,NULL,NULL,2016-07-13 00:54:05
256,23,1,NULL,NULL,2016-07-13 00:52:27
257,23,2,NULL,NULL,2016-07-13 00:52:27
258,23,3,NULL,NULL,2016-07-13 00:52:27
259,23,4,NULL,NULL,2016-07-13 00:52:27
260,23,5,NULL,NULL,2016-07-13 00:52:27
261,23,6,NULL,NULL,2016-07-13 00:52:27
262,23,7,NULL,NULL,2016-07-13 00:52:27
263,23,8,NULL,NULL,2016-07-13 00:52:27
264,23,9,NULL,NULL,2016-07-13 00:52:27
265,23,10,NULL,NULL,2016-07-13 00:52:27
266,23,11,NULL,NULL,2016-07-13 00:52:27
267,23,12,NULL,NULL,2016-07-13 00:52:27
268,24,1,NULL,NULL,2016-07-13 00:52:27
269,24,2,NULL,NULL,2016-07-13 00:52:27
270,24,3,NULL,NULL,2016-07-13 00:52:27
271,24,4,NULL,NULL,2016-07-13 00:52:27
272,24,5,NULL,NULL,2016-07-13 00:52:27
273,24,6,NULL,NULL,2016-07-13 00:52:27
274,24,7,NULL,NULL,2016-07-13 00:52:27
275,24,8,NULL,NULL,2016-07-13 00:52:27
276,24,9,NULL,NULL,2016-07-13 00:52:27
277,24,10,NULL,NULL,2016-07-13 00:52:27
278,24,11,NULL,NULL,2016-07-13 00:52:27
279,24,12,NULL,NULL,2016-07-13 00:52:27
280,24,13,NULL,NULL,2016-07-13 00:52:27
281,24,14,NULL,NULL,2016-07-13 00:52:27
282,24,15,NULL,NULL,2016-07-13 00:52:27
283,24,16,NULL,NULL,2016-07-13 00:52:27
284,24,17,NULL,NULL,2016-07-13 00:52:27
285,24,18,NULL,NULL,2016-07-13 00:52:27
286,24,19,NULL,NULL,2016-07-13 00:52:27
287,24,20,NULL,NULL,2016-07-13 00:52:27
288,24,21,NULL,NULL,2016-07-13 00:52:27
289,24,22,NULL,NULL,2016-07-13 00:52:27
290,24,23,NULL,NULL,2016-07-13 00:52:27
291,24,24,NULL,NULL,2016-07-13 00:52:27
292,24,25,NULL,NULL,2016-07-13 00:52:27
293,24,26,NULL,NULL,2016-07-13 00:52:27
294,24,27,NULL,NULL,2016-07-13 00:52:27
295,24,28,NULL,NULL,2016-07-13 00:52:27
296,24,29,NULL,NULL,2016-07-13 00:52:27
297,24,30,NULL,NULL,2016-07-13 00:52:27
298,25,1,NULL,NULL,2016-07-13 00:52:27
299,25,2,NULL,NULL,2016-07-13 00:52:27
300,25,3,NULL,NULL,2016-07-13 00:52:27
301,25,4,NULL,NULL,2016-07-13 00:52:27
302,25,5,NULL,NULL,2016-07-13 00:52:27
303,26,1,NULL,NULL,2016-07-13 00:52:27
304,26,2,NULL,NULL,2016-07-13 00:52:27
305,26,3,NULL,NULL,2016-07-13 00:52:27
306,26,4,NULL,NULL,2016-07-13 00:52:27
307,26,5,NULL,NULL,2016-07-13 00:52:27
308,26,6,NULL,NULL,2016-07-13 00:52:27
309,26,7,NULL,NULL,2016-07-13 00:52:27
310,26,8,NULL,NULL,2016-07-13 00:52:27
311,26,9,NULL,NULL,2016-07-13 00:52:27
312,26,10,NULL,NULL,2016-07-13 00:52:27
313,26,11,NULL,NULL,2016-07-13 00:52:27
314,26,12,NULL,NULL,2016-07-13 00:52:27
315,26,13,NULL,NULL,2016-07-13 00:52:27
316,26,14,NULL,NULL,2016-07-13 00:52:27
317,26,15,NULL,NULL,2016-07-13 00:52:27
318,26,16,NULL,NULL,2016-07-13 00:52:27
319,26,17,NULL,NULL,2016-07-13 00:52:27
320,26,18,NULL,NULL,2016-07-13 00:52:27
321,26,19,NULL,NULL,2016-07-13 00:52:27
322,26,20,NULL,NULL,2016-07-13 00:52:27
323,26,21,NULL,NULL,2016-07-13 00:52:27
324,27,1,NULL,NULL,2016-07-13 00:52:27
325,27,2,NULL,NULL,2016-07-13 00:52:27
326,27,3,NULL,NULL,2016-07-13 00:52:27
327,27,4,NULL,NULL,2016-07-13 00:52:27
328,27,5,NULL,NULL,2016-07-13 00:52:27
329,27,6,NULL,NULL,2016-07-13 00:52:27
330,27,7,29,NULL,2016-07-13 00:52:27
331,27,8,NULL,NULL,2016-07-13 00:52:27
332,28,1,NULL,NULL,2016-07-13 00:52:28
333,28,2,NULL,NULL,2016-07-13 00:52:28
334,28,3,NULL,NULL,2016-07-13 00:52:28
335,28,4,NULL,NULL,2016-07-13 00:52:28
336,28,5,NULL,NULL,2016-07-13 00:52:28
337,28,6,NULL,NULL,2016-07-13 00:52:28
338,28,7,NULL,NULL,2016-07-13 00:52:28
339,28,8,NULL,NULL,2016-07-13 00:52:28
340,28,9,NULL,NULL,2016-07-13 00:52:28
341,28,10,NULL,NULL,2016-07-13 00:52:28
342,28,11,NULL,NULL,2016-07-13 00:52:28
343,28,12,NULL,NULL,2016-07-13 00:52:28
344,28,13,NULL,NULL,2016-07-13 00:52:28
345,28,14,NULL,NULL,2016-07-13 00:52:28
346,28,15,NULL,NULL,2016-07-13 00:52:28
347,29,1,NULL,NULL,2016-07-13 00:52:28
348,29,2,NULL,NULL,2016-07-13 00:52:28
349,29,3,NULL,NULL,2016-07-13 00:52:28
350,29,4,NULL,NULL,2016-07-13 00:52:28
351,29,5,NULL,NULL,2016-07-13 00:52:28
352,29,6,NULL,NULL,2016-07-13 00:52:28
353,29,7,NULL,NULL,2016-07-13 00:52:28
354,30,1,NULL,NULL,2016-07-13 00:52:28
355,30,2,NULL,NULL,2016-07-13 00:52:28
356,30,3,NULL,NULL,2016-07-13 00:52:28
357,30,4,NULL,NULL,2016-07-13 00:52:28
358,30,5,NULL,NULL,2016-07-13 00:52:28
359,31,1,NULL,NULL,2016-07-13 00:52:28
360,31,2,NULL,NULL,2016-07-13 00:52:28
361,31,3,NULL,NULL,2016-07-13 00:52:28
362,31,4,NULL,NULL,2016-07-13 00:52:28
363,31,5,NULL,NULL,2016-07-13 00:52:28
364,31,6,NULL,NULL,2016-07-13 00:52:28
365,31,7,NULL,NULL,2016-07-13 00:52:28
366,31,8,0,NULL,2016-07-13 00:52:28
367,32,1,NULL,NULL,2016-07-13 00:52:28
368,32,2,NULL,NULL,2016-07-13 00:52:28
369,32,3,NULL,NULL,2016-07-13 00:52:28
370,32,4,NULL,NULL,2016-07-13 00:52:28
371,32,5,NULL,NULL,2016-07-13 00:52:28
372,32,6,NULL,NULL,2016-07-13 00:52:28
373,32,7,NULL,NULL,2016-07-13 00:52:28
374,32,8,NULL,NULL,2016-07-13 00:52:28
375,32,9,NULL,NULL,2016-07-13 00:52:28
376,32,10,NULL,NULL,2016-07-13 00:52:28
377,32,11,NULL,NULL,2016-07-13 00:52:28
378,32,12,NULL,NULL,2016-07-13 00:52:28
379,32,13,NULL,NULL,2016-07-13 00:52:28
380,32,14,NULL,NULL,2016-07-13 00:52:28
381,32,15,NULL,NULL,2016-07-13 00:52:28
382,32,16,NULL,NULL,2016-07-13 00:52:28
383,32,17,NULL,NULL,2016-07-13 00:52:28
384,32,18,NULL,NULL,2016-07-13 00:52:28
385,32,19,NULL,NULL,2016-07-13 00:52:28
386,32,20,NULL,NULL,2016-07-13 00:52:28
387,32,21,NULL,NULL,2016-07-13 00:52:28
388,32,22,NULL,NULL,2016-07-13 00:52:28
389,32,23,NULL,NULL,2016-07-13 00:52:28
390,32,24,NULL,NULL,2016-07-13 00:52:28
391,32,25,NULL,NULL,2016-07-13 00:52:28
392,32,26,NULL,NULL,2016-07-13 00:52:28
393,32,27,NULL,NULL,2016-07-13 00:52:28
394,32,28,NULL,NULL,2016-07-13 00:52:28
395,32,29,NULL,NULL,2016-07-13 00:52:28
396,32,30,NULL,NULL,2016-07-13 00:52:28
397,32,31,0,NULL,2016-07-13 00:52:28
398,33,1,NULL,NULL,2016-07-13 00:52:29
399,33,2,NULL,NULL,2016-07-13 00:52:29
400,33,3,NULL,NULL,2016-07-13 00:52:29
401,33,4,NULL,NULL,2016-07-13 00:52:29
402,33,5,NULL,NULL,2016-07-13 00:52:29
403,33,6,NULL,NULL,2016-07-13 00:52:29
404,33,7,NULL,NULL,2016-07-13 00:52:29
405,33,8,NULL,NULL,2016-07-13 00:52:29
406,33,9,NULL,NULL,2016-07-13 00:52:29
407,33,10,NULL,NULL,2016-07-13 00:52:29
408,33,11,NULL,NULL,2016-07-13 00:52:29
409,33,12,NULL,NULL,2016-07-13 00:52:29
410,34,1,NULL,NULL,2016-07-13 00:52:29
411,34,2,NULL,NULL,2016-07-13 00:52:29
412,34,3,NULL,NULL,2016-07-13 00:52:29
413,34,4,NULL,NULL,2016-07-13 00:52:29
414,34,5,NULL,NULL,2016-07-13 00:52:29
415,34,6,NULL,NULL,2016-07-13 00:52:29
416,34,7,NULL,NULL,2016-07-13 00:52:29
417,34,8,NULL,NULL,2016-07-13 00:52:29
418,34,9,NULL,NULL,2016-07-13 00:52:29
419,34,10,NULL,NULL,2016-07-13 00:52:29
420,34,11,NULL,NULL,2016-07-13 00:52:29
421,34,12,NULL,NULL,2016-07-13 00:52:29
422,34,13,NULL,NULL,2016-07-13 00:52:29
423,34,14,NULL,NULL,2016-07-13 00:52:29
424,34,15,NULL,NULL,2016-07-13 00:52:29
425,34,16,NULL,NULL,2016-07-13 00:52:29
426,34,17,NULL,NULL,2016-07-13 00:52:29
427,34,18,NULL,NULL,2016-07-13 00:52:29
428,34,19,NULL,NULL,2016-07-13 00:52:29
429,34,20,NULL,NULL,2016-07-13 00:52:29
430,34,21,NULL,NULL,2016-07-13 00:52:29
431,34,22,NULL,NULL,2016-07-13 00:52:29
432,34,23,NULL,NULL,2016-07-13 00:52:29
433,34,24,NULL,NULL,2016-07-13 00:52:29
434,34,25,NULL,NULL,2016-07-13 00:52:29
435,35,1,NULL,NULL,2016-07-13 00:52:29
436,35,2,NULL,NULL,2016-07-13 00:52:29
1662,36,1,NULL,NULL,2016-07-13 00:54:09
1663,36,2,NULL,NULL,2016-07-13 00:54:09
1664,36,3,NULL,NULL,2016-07-13 00:54:09
1665,36,4,NULL,NULL,2016-07-13 00:54:09
1666,36,5,NULL,NULL,2016-07-13 00:54:09
1667,36,6,NULL,NULL,2016-07-13 00:54:09
1668,36,7,NULL,NULL,2016-07-13 00:54:09
1669,36,8,NULL,NULL,2016-07-13 00:54:09
1670,36,9,NULL,NULL,2016-07-13 00:54:09
1671,36,10,NULL,NULL,2016-07-13 00:54:09
1672,36,11,NULL,NULL,2016-07-13 00:54:09
1673,36,12,NULL,NULL,2016-07-13 00:54:09
1674,36,13,NULL,NULL,2016-07-13 00:54:09
1675,36,14,0,NULL,2016-07-13 00:54:09
437,37,1,NULL,NULL,2016-07-13 00:52:29
438,37,2,NULL,NULL,2016-07-13 00:52:29
439,37,3,0,NULL,2016-07-13 00:52:29
440,37,4,NULL,NULL,2016-07-13 00:52:29
441,38,1,NULL,NULL,2016-07-13 00:52:30
442,38,2,NULL,NULL,2016-07-13 00:52:30
443,38,3,NULL,NULL,2016-07-13 00:52:30
444,38,4,0,NULL,2016-07-13 00:52:30
445,39,1,NULL,NULL,2016-07-13 00:52:30
446,39,2,NULL,NULL,2016-07-13 00:52:30
447,39,3,NULL,NULL,2016-07-13 00:52:30
448,39,4,NULL,NULL,2016-07-13 00:52:30
449,39,5,NULL,NULL,2016-07-13 00:52:30
450,39,6,NULL,NULL,2016-07-13 00:52:30
451,40,1,NULL,NULL,2016-07-13 00:52:30
452,40,2,NULL,NULL,2016-07-13 00:52:30
453,40,3,NULL,NULL,2016-07-13 00:52:30
454,41,1,NULL,NULL,2016-07-13 00:52:31
455,41,2,NULL,NULL,2016-07-13 00:52:31
456,41,3,NULL,NULL,2016-07-13 00:52:31
457,41,4,NULL,NULL,2016-07-13 00:52:31
458,41,5,NULL,NULL,2016-07-13 00:52:31
459,41,6,NULL,NULL,2016-07-13 00:52:31
460,41,7,NULL,NULL,2016-07-13 00:52:31
461,41,8,NULL,NULL,2016-07-13 00:52:31
462,41,9,NULL,NULL,2016-07-13 00:52:31
463,41,22,NULL,NULL,2016-07-13 00:52:31
464,41,10,NULL,NULL,2016-07-13 00:52:31
465,41,11,NULL,NULL,2016-07-13 00:52:31
466,41,12,NULL,NULL,2016-07-13 00:52:31
467,41,13,NULL,NULL,2016-07-13 00:52:31
468,41,14,NULL,NULL,2016-07-13 00:52:31
469,41,15,NULL,NULL,2016-07-13 00:52:31
470,41,16,NULL,NULL,2016-07-13 00:52:31
471,41,17,NULL,NULL,2016-07-13 00:52:31
472,41,18,NULL,NULL,2016-07-13 00:52:31
473,41,19,NULL,NULL,2016-07-13 00:52:31
474,41,20,NULL,NULL,2016-07-13 00:52:31
475,41,21,NULL,NULL,2016-07-13 00:52:31
476,41,23,NULL,NULL,2016-07-13 00:52:31
477,42,1,NULL,NULL,2016-07-13 00:52:31
478,42,2,NULL,NULL,2016-07-13 00:52:31
479,42,3,NULL,NULL,2016-07-13 00:52:31
480,42,4,NULL,NULL,2016-07-13 00:52:31
481,42,5,NULL,NULL,2016-07-13 00:52:31
482,42,6,NULL,NULL,2016-07-13 00:52:31
483,42,7,NULL,NULL,2016-07-13 00:52:31
484,42,8,NULL,NULL,2016-07-13 00:52:31
485,42,9,NULL,NULL,2016-07-13 00:52:31
486,42,10,NULL,NULL,2016-07-13 00:52:31
487,42,11,NULL,NULL,2016-07-13 00:52:31
488,42,12,NULL,NULL,2016-07-13 00:52:31
489,42,13,NULL,NULL,2016-07-13 00:52:31
490,42,14,NULL,NULL,2016-07-13 00:52:31
491,42,15,NULL,NULL,2016-07-13 00:52:31
492,42,16,NULL,NULL,2016-07-13 00:52:31
493,42,17,NULL,NULL,2016-07-13 00:52:31
494,42,18,0,NULL,2016-07-13 00:52:31
495,43,1,NULL,NULL,2016-07-13 00:52:32
496,43,2,NULL,NULL,2016-07-13 00:52:32
497,43,3,NULL,NULL,2016-07-13 00:52:32
498,43,4,NULL,NULL,2016-07-13 00:52:32
499,43,5,NULL,NULL,2016-07-13 00:52:32
500,43,6,NULL,NULL,2016-07-13 00:52:32
501,43,7,NULL,NULL,2016-07-13 00:52:32
502,43,8,0,NULL,2016-07-13 00:52:32
503,44,1,NULL,NULL,2016-07-13 00:52:32
504,44,2,NULL,NULL,2016-07-13 00:52:32
505,44,3,NULL,NULL,2016-07-13 00:52:32
506,44,4,0,NULL,2016-07-13 00:52:32
507,45,1,NULL,NULL,2016-07-13 00:52:32
508,45,2,NULL,NULL,2016-07-13 00:52:32
509,45,3,NULL,NULL,2016-07-13 00:52:32
510,45,4,NULL,NULL,2016-07-13 00:52:32
511,45,5,NULL,NULL,2016-07-13 00:52:32
512,45,6,0,NULL,2016-07-13 00:52:32
513,46,1,NULL,NULL,2016-07-13 00:52:32
514,46,2,NULL,NULL,2016-07-13 00:52:32
515,46,3,NULL,NULL,2016-07-13 00:52:32
516,46,4,NULL,NULL,2016-07-13 00:52:32
517,46,5,NULL,NULL,2016-07-13 00:52:32
518,46,6,NULL,NULL,2016-07-13 00:52:32
519,46,7,0,NULL,2016-07-13 00:52:32
520,47,1,NULL,NULL,2016-07-13 00:52:32
521,47,2,0,NULL,2016-07-13 00:52:32
522,48,1,NULL,NULL,2016-07-13 00:52:32
523,48,2,NULL,NULL,2016-07-13 00:52:32
524,48,3,NULL,NULL,2016-07-13 00:52:32
525,48,4,NULL,NULL,2016-07-13 00:52:32
526,48,5,NULL,NULL,2016-07-13 00:52:32
527,49,1,NULL,NULL,2016-07-13 00:52:33
528,49,2,NULL,NULL,2016-07-13 00:52:33
529,49,3,NULL,NULL,2016-07-13 00:52:33
530,49,4,NULL,NULL,2016-07-13 00:52:33
531,49,5,NULL,NULL,2016-07-13 00:52:33
532,50,1,NULL,NULL,2016-07-13 00:52:33
533,50,2,NULL,NULL,2016-07-13 00:52:33
534,50,3,NULL,NULL,2016-07-13 00:52:33
535,50,4,NULL,NULL,2016-07-13 00:52:33
536,50,5,NULL,NULL,2016-07-13 00:52:33
537,50,6,NULL,NULL,2016-07-13 00:52:33
538,50,7,NULL,NULL,2016-07-13 00:52:33
539,50,8,NULL,NULL,2016-07-13 00:52:33
540,50,9,NULL,NULL,2016-07-13 00:52:33
541,50,10,NULL,NULL,2016-07-13 00:52:33
542,50,11,NULL,NULL,2016-07-13 00:52:33
543,50,12,NULL,NULL,2016-07-13 00:52:33
544,50,13,NULL,NULL,2016-07-13 00:52:33
545,50,14,NULL,NULL,2016-07-13 00:52:33
546,50,15,NULL,NULL,2016-07-13 00:52:33
547,50,16,NULL,NULL,2016-07-13 00:52:33
548,50,17,NULL,NULL,2016-07-13 00:52:33
549,51,1,NULL,NULL,2016-07-13 00:52:33
550,51,2,NULL,NULL,2016-07-13 00:52:33
551,51,3,NULL,NULL,2016-07-13 00:52:33
552,51,4,55,NULL,2016-07-13 00:52:33
553,52,1,NULL,NULL,2016-07-13 00:52:33
554,52,2,NULL,NULL,2016-07-13 00:52:33
555,52,3,NULL,NULL,2016-07-13 00:52:33
556,52,4,55,NULL,2016-07-13 00:52:33
1676,53,1,NULL,NULL,2016-07-13 00:54:12
1677,53,2,NULL,NULL,2016-07-13 00:54:12
1678,53,3,NULL,NULL,2016-07-13 00:54:12
1679,53,4,NULL,NULL,2016-07-13 00:54:12
1680,53,5,NULL,NULL,2016-07-13 00:54:12
1681,53,6,NULL,NULL,2016-07-13 00:54:12
1682,53,7,NULL,NULL,2016-07-13 00:54:12
1683,53,8,NULL,NULL,2016-07-13 00:54:12
1684,53,9,NULL,NULL,2016-07-13 00:54:12
1685,53,10,NULL,NULL,2016-07-13 00:54:12
1686,53,11,NULL,NULL,2016-07-13 00:54:12
1687,53,12,NULL,NULL,2016-07-13 00:54:12
1688,53,13,55,NULL,2016-07-13 00:54:12
557,54,1,NULL,NULL,2016-07-13 00:52:34
558,54,2,NULL,NULL,2016-07-13 00:52:34
559,54,3,NULL,NULL,2016-07-13 00:52:34
560,54,4,NULL,NULL,2016-07-13 00:52:34
561,54,5,NULL,NULL,2016-07-13 00:52:34
562,54,6,NULL,NULL,2016-07-13 00:52:34
563,54,7,NULL,NULL,2016-07-13 00:52:34
564,54,8,NULL,NULL,2016-07-13 00:52:34
565,54,9,NULL,NULL,2016-07-13 00:52:34
566,54,10,NULL,NULL,2016-07-13 00:52:34
567,54,11,NULL,NULL,2016-07-13 00:52:34
568,54,12,NULL,NULL,2016-07-13 00:52:34
569,54,13,NULL,NULL,2016-07-13 00:52:34
570,54,14,NULL,NULL,2016-07-13 00:52:34
571,54,15,NULL,NULL,2016-07-13 00:52:34
572,54,16,NULL,NULL,2016-07-13 00:52:34
573,54,17,NULL,NULL,2016-07-13 00:52:34
574,54,18,NULL,NULL,2016-07-13 00:52:34
575,54,19,NULL,NULL,2016-07-13 00:52:34
576,54,20,NULL,NULL,2016-07-13 00:52:34
577,54,21,NULL,NULL,2016-07-13 00:52:34
578,54,22,NULL,NULL,2016-07-13 00:52:34
579,54,23,NULL,NULL,2016-07-13 00:52:34
580,54,24,NULL,NULL,2016-07-13 00:52:34
581,54,25,NULL,NULL,2016-07-13 00:52:34
582,54,26,NULL,NULL,2016-07-13 00:52:34
583,54,27,NULL,NULL,2016-07-13 00:52:34
584,54,28,NULL,NULL,2016-07-13 00:52:34
585,54,29,NULL,NULL,2016-07-13 00:52:34
586,54,30,NULL,NULL,2016-07-13 00:52:34
587,54,31,NULL,NULL,2016-07-13 00:52:34
588,54,32,NULL,NULL,2016-07-13 00:52:34
589,54,33,NULL,NULL,2016-07-13 00:52:34
590,54,34,NULL,NULL,2016-07-13 00:52:34
591,54,35,NULL,NULL,2016-07-13 00:52:34
592,54,36,NULL,NULL,2016-07-13 00:52:34
593,54,37,NULL,NULL,2016-07-13 00:52:34
594,54,38,NULL,NULL,2016-07-13 00:52:34
595,54,39,NULL,NULL,2016-07-13 00:52:34
596,54,40,NULL,NULL,2016-07-13 00:52:34
597,54,41,NULL,NULL,2016-07-13 00:52:34
598,54,42,NULL,NULL,2016-07-13 00:52:34
599,54,43,NULL,NULL,2016-07-13 00:52:34
600,54,44,NULL,NULL,2016-07-13 00:52:34
601,54,45,NULL,NULL,2016-07-13 00:52:34
602,54,46,NULL,NULL,2016-07-13 00:52:34
603,54,47,NULL,NULL,2016-07-13 00:52:34
604,54,48,NULL,NULL,2016-07-13 00:52:34
605,54,49,NULL,NULL,2016-07-13 00:52:34
606,54,50,NULL,NULL,2016-07-13 00:52:34
607,54,51,55,NULL,2016-07-13 00:52:34
608,55,1,NULL,NULL,2016-07-13 00:52:34
609,55,2,NULL,NULL,2016-07-13 00:52:34
610,55,3,NULL,NULL,2016-07-13 00:52:34
611,55,4,NULL,NULL,2016-07-13 00:52:34
612,55,5,NULL,NULL,2016-07-13 00:52:34
613,55,6,NULL,NULL,2016-07-13 00:52:34
614,55,7,NULL,NULL,2016-07-13 00:52:34
615,55,8,NULL,NULL,2016-07-13 00:52:34
616,55,9,NULL,NULL,2016-07-13 00:52:34
617,56,1,NULL,NULL,2016-07-13 00:52:34
618,56,2,NULL,NULL,2016-07-13 00:52:34
619,56,3,NULL,NULL,2016-07-13 00:52:34
620,56,4,NULL,NULL,2016-07-13 00:52:34
621,56,5,NULL,NULL,2016-07-13 00:52:34
622,56,6,NULL,NULL,2016-07-13 00:52:34
623,56,7,NULL,NULL,2016-07-13 00:52:34
624,56,8,NULL,NULL,2016-07-13 00:52:34
625,56,9,NULL,NULL,2016-07-13 00:52:34
626,57,1,NULL,NULL,2016-07-13 00:52:34
627,57,2,NULL,NULL,2016-07-13 00:52:34
628,57,3,NULL,NULL,2016-07-13 00:52:34
629,57,4,59,NULL,2016-07-13 00:52:34
630,57,5,59,NULL,2016-07-13 00:52:34
631,58,1,NULL,NULL,2016-07-13 00:52:34
632,58,2,NULL,NULL,2016-07-13 00:52:34
633,58,3,NULL,NULL,2016-07-13 00:52:34
634,58,4,NULL,NULL,2016-07-13 00:52:34
635,58,5,NULL,NULL,2016-07-13 00:52:34
636,58,6,59,NULL,2016-07-13 00:52:34
637,59,1,NULL,NULL,2016-07-13 00:52:35
638,59,2,NULL,NULL,2016-07-13 00:52:35
639,59,3,NULL,NULL,2016-07-13 00:52:35
640,59,4,NULL,NULL,2016-07-13 00:52:35
641,59,5,NULL,NULL,2016-07-13 00:52:35
642,59,6,NULL,NULL,2016-07-13 00:52:35
643,59,7,NULL,NULL,2016-07-13 00:52:35
644,59,8,NULL,NULL,2016-07-13 00:52:35
645,59,9,NULL,NULL,2016-07-13 00:52:35
646,59,10,NULL,NULL,2016-07-13 00:52:35
647,59,11,NULL,NULL,2016-07-13 00:52:35
648,59,12,NULL,NULL,2016-07-13 00:52:35
649,59,13,NULL,NULL,2016-07-13 00:52:35
650,59,14,NULL,NULL,2016-07-13 00:52:35
651,59,15,NULL,NULL,2016-07-13 00:52:35
652,59,16,NULL,NULL,2016-07-13 00:52:35
653,59,17,NULL,NULL,2016-07-13 00:52:35
654,59,18,NULL,NULL,2016-07-13 00:52:35
655,60,1,61,NULL,2016-07-13 00:52:35
656,60,2,61,NULL,2016-07-13 00:52:35
657,60,3,61,NULL,2016-07-13 00:52:35
658,60,4,61,NULL,2016-07-13 00:52:35
659,60,5,61,NULL,2016-07-13 00:52:35
660,60,6,61,NULL,2016-07-13 00:52:35
661,60,7,61,NULL,2016-07-13 00:52:35
662,60,8,61,NULL,2016-07-13 00:52:35
663,60,9,61,NULL,2016-07-13 00:52:35
664,60,10,61,NULL,2016-07-13 00:52:35
665,60,11,61,NULL,2016-07-13 00:52:35
666,60,12,61,NULL,2016-07-13 00:52:35
667,60,13,61,NULL,2016-07-13 00:52:35
668,60,14,62,NULL,2016-07-13 00:52:35
669,60,15,61,NULL,2016-07-13 00:52:35
670,60,16,61,NULL,2016-07-13 00:52:35
671,60,17,61,NULL,2016-07-13 00:52:35
672,60,18,61,NULL,2016-07-13 00:52:35
673,60,19,61,NULL,2016-07-13 00:52:35
674,60,20,61,NULL,2016-07-13 00:52:35
675,60,21,61,NULL,2016-07-13 00:52:35
676,60,22,61,NULL,2016-07-13 00:52:35
677,60,23,61,NULL,2016-07-13 00:52:35
678,60,24,61,NULL,2016-07-13 00:52:35
679,60,25,61,NULL,2016-07-13 00:52:35
680,60,26,61,NULL,2016-07-13 00:52:35
681,60,27,61,NULL,2016-07-13 00:52:35
682,60,28,63,NULL,2016-07-13 00:52:35
683,60,29,61,NULL,2016-07-13 00:52:35
684,60,30,61,NULL,2016-07-13 00:52:35
685,60,31,61,NULL,2016-07-13 00:52:35
686,60,32,61,NULL,2016-07-13 00:52:35
687,60,33,61,NULL,2016-07-13 00:52:35
688,60,34,61,NULL,2016-07-13 00:52:35
689,60,35,61,NULL,2016-07-13 00:52:35
690,60,36,61,NULL,2016-07-13 00:52:35
691,60,37,61,NULL,2016-07-13 00:52:35
692,60,38,61,NULL,2016-07-13 00:52:35
693,60,39,61,NULL,2016-07-13 00:52:35
694,60,40,61,NULL,2016-07-13 00:52:35
695,60,41,61,NULL,2016-07-13 00:52:35
696,60,42,61,NULL,2016-07-13 00:52:35
697,60,43,61,NULL,2016-07-13 00:52:35
698,60,44,61,NULL,2016-07-13 00:52:35
699,60,45,61,NULL,2016-07-13 00:52:35
700,60,46,61,NULL,2016-07-13 00:52:35
701,60,47,61,NULL,2016-07-13 00:52:35
702,60,-3105,61,NULL,2016-07-13 00:52:35
703,61,1,64,NULL,2016-07-13 00:52:36
704,61,2,0,NULL,2016-07-13 00:52:36
705,61,3,0,NULL,2016-07-13 00:52:36
706,61,4,0,NULL,2016-07-13 00:52:36
707,61,5,0,NULL,2016-07-13 00:52:36
708,61,6,0,NULL,2016-07-13 00:52:36
709,61,7,0,NULL,2016-07-13 00:52:36
710,61,8,0,NULL,2016-07-13 00:52:36
711,61,9,0,NULL,2016-07-13 00:52:36
712,61,10,0,NULL,2016-07-13 00:52:36
713,61,11,0,NULL,2016-07-13 00:52:36
714,61,12,0,NULL,2016-07-13 00:52:36
715,61,13,0,NULL,2016-07-13 00:52:36
716,61,14,0,NULL,2016-07-13 00:52:36
717,61,15,0,NULL,2016-07-13 00:52:36
718,61,16,0,NULL,2016-07-13 00:52:36
719,61,17,0,NULL,2016-07-13 00:52:36
720,61,18,0,NULL,2016-07-13 00:52:36
721,61,19,0,NULL,2016-07-13 00:52:36
722,61,20,0,NULL,2016-07-13 00:52:36
723,61,21,0,NULL,2016-07-13 00:52:36
724,61,22,0,NULL,2016-07-13 00:52:36
725,61,23,0,NULL,2016-07-13 00:52:36
726,61,24,0,NULL,2016-07-13 00:52:36
727,61,25,0,NULL,2016-07-13 00:52:36
728,61,26,0,NULL,2016-07-13 00:52:36
729,61,27,0,NULL,2016-07-13 00:52:36
730,61,28,0,NULL,2016-07-13 00:52:36
731,61,29,0,NULL,2016-07-13 00:52:36
732,61,30,0,NULL,2016-07-13 00:52:36
733,61,31,0,NULL,2016-07-13 00:52:36
734,61,32,0,NULL,2016-07-13 00:52:36
735,61,33,0,NULL,2016-07-13 00:52:36
736,61,34,0,NULL,2016-07-13 00:52:36
737,61,35,0,NULL,2016-07-13 00:52:36
738,61,36,0,NULL,2016-07-13 00:52:36
739,61,37,0,NULL,2016-07-13 00:52:36
740,61,38,0,NULL,2016-07-13 00:52:36
741,61,39,0,NULL,2016-07-13 00:52:36
742,61,40,0,NULL,2016-07-13 00:52:36
743,61,41,0,NULL,2016-07-13 00:52:36
744,61,42,0,NULL,2016-07-13 00:52:36
745,61,43,0,NULL,2016-07-13 00:52:36
746,61,44,0,NULL,2016-07-13 00:52:36
747,61,45,0,NULL,2016-07-13 00:52:36
748,61,-3105,0,NULL,2016-07-13 00:52:36
749,62,1,NULL,NULL,2016-07-13 00:52:36
750,62,2,NULL,NULL,2016-07-13 00:52:36
751,62,3,NULL,NULL,2016-07-13 00:52:36
752,62,4,NULL,NULL,2016-07-13 00:52:36
753,62,5,NULL,NULL,2016-07-13 00:52:36
754,62,6,NULL,NULL,2016-07-13 00:52:36
755,62,7,NULL,NULL,2016-07-13 00:52:36
756,62,8,NULL,NULL,2016-07-13 00:52:36
757,62,9,NULL,NULL,2016-07-13 00:52:36
758,62,10,NULL,NULL,2016-07-13 00:52:36
759,62,11,NULL,NULL,2016-07-13 00:52:36
760,62,12,NULL,NULL,2016-07-13 00:52:36
761,62,13,NULL,NULL,2016-07-13 00:52:36
762,62,14,NULL,NULL,2016-07-13 00:52:36
763,62,15,NULL,NULL,2016-07-13 00:52:36
764,62,16,NULL,NULL,2016-07-13 00:52:36
765,63,1,NULL,NULL,2016-07-13 00:52:37
766,63,2,NULL,NULL,2016-07-13 00:52:37
767,63,3,NULL,NULL,2016-07-13 00:52:37
768,63,4,NULL,NULL,2016-07-13 00:52:37
769,64,1,NULL,NULL,2016-07-13 00:52:37
770,64,2,NULL,NULL,2016-07-13 00:52:37
771,64,3,NULL,NULL,2016-07-13 00:52:37
772,64,4,NULL,NULL,2016-07-13 00:52:37
773,64,5,NULL,NULL,2016-07-13 00:52:37
774,64,6,NULL,NULL,2016-07-13 00:52:37
775,64,-3105,NULL,NULL,2016-07-13 00:52:37
776,65,1,66,NULL,2016-07-13 00:52:37
777,65,2,66,NULL,2016-07-13 00:52:37
778,65,3,66,NULL,2016-07-13 00:52:37
779,65,4,66,NULL,2016-07-13 00:52:37
780,65,5,66,NULL,2016-07-13 00:52:37
781,65,6,66,NULL,2016-07-13 00:52:37
782,65,7,66,NULL,2016-07-13 00:52:37
783,65,8,66,NULL,2016-07-13 00:52:37
784,65,9,66,NULL,2016-07-13 00:52:37
785,65,10,66,NULL,2016-07-13 00:52:37
786,65,11,66,NULL,2016-07-13 00:52:37
787,65,12,66,NULL,2016-07-13 00:52:37
788,65,13,66,NULL,2016-07-13 00:52:37
789,65,14,67,NULL,2016-07-13 00:52:37
790,65,15,66,NULL,2016-07-13 00:52:37
791,65,16,66,NULL,2016-07-13 00:52:37
792,65,17,66,NULL,2016-07-13 00:52:37
793,65,18,66,NULL,2016-07-13 00:52:37
794,65,19,66,NULL,2016-07-13 00:52:37
795,65,20,66,NULL,2016-07-13 00:52:37
796,65,21,66,NULL,2016-07-13 00:52:37
797,65,22,66,NULL,2016-07-13 00:52:37
798,65,23,66,NULL,2016-07-13 00:52:37
799,65,24,66,NULL,2016-07-13 00:52:37
800,65,25,66,NULL,2016-07-13 00:52:37
801,65,26,66,NULL,2016-07-13 00:52:37
802,65,27,66,NULL,2016-07-13 00:52:37
803,65,28,68,NULL,2016-07-13 00:52:37
804,65,29,66,NULL,2016-07-13 00:52:37
805,65,30,66,NULL,2016-07-13 00:52:37
806,65,31,66,NULL,2016-07-13 00:52:37
807,65,32,66,NULL,2016-07-13 00:52:37
808,65,33,66,NULL,2016-07-13 00:52:37
809,65,34,66,NULL,2016-07-13 00:52:37
810,65,35,66,NULL,2016-07-13 00:52:37
811,65,36,66,NULL,2016-07-13 00:52:37
812,65,37,66,NULL,2016-07-13 00:52:37
813,65,38,66,NULL,2016-07-13 00:52:37
814,65,39,66,NULL,2016-07-13 00:52:37
815,65,40,66,NULL,2016-07-13 00:52:37
816,65,41,66,NULL,2016-07-13 00:52:37
817,65,42,66,NULL,2016-07-13 00:52:37
818,65,43,66,NULL,2016-07-13 00:52:37
819,65,44,66,NULL,2016-07-13 00:52:37
820,65,45,66,NULL,2016-07-13 00:52:37
821,65,46,66,NULL,2016-07-13 00:52:37
822,65,47,66,NULL,2016-07-13 00:52:37
823,65,-3105,66,NULL,2016-07-13 00:52:37
824,66,1,69,NULL,2016-07-13 00:52:37
825,66,2,0,NULL,2016-07-13 00:52:37
826,66,3,0,NULL,2016-07-13 00:52:37
827,66,4,0,NULL,2016-07-13 00:52:37
828,66,5,0,NULL,2016-07-13 00:52:37
829,66,6,0,NULL,2016-07-13 00:52:37
830,66,7,0,NULL,2016-07-13 00:52:37
831,66,8,0,NULL,2016-07-13 00:52:37
832,66,9,0,NULL,2016-07-13 00:52:37
833,66,10,0,NULL,2016-07-13 00:52:37
834,66,11,0,NULL,2016-07-13 00:52:37
835,66,12,0,NULL,2016-07-13 00:52:37
836,66,13,0,NULL,2016-07-13 00:52:37
837,66,14,0,NULL,2016-07-13 00:52:37
838,66,15,0,NULL,2016-07-13 00:52:37
839,66,16,0,NULL,2016-07-13 00:52:37
840,66,17,0,NULL,2016-07-13 00:52:37
841,66,18,0,NULL,2016-07-13 00:52:37
842,66,19,0,NULL,2016-07-13 00:52:37
843,66,20,0,NULL,2016-07-13 00:52:37
844,66,21,0,NULL,2016-07-13 00:52:37
845,66,22,0,NULL,2016-07-13 00:52:37
846,66,23,0,NULL,2016-07-13 00:52:37
847,66,24,0,NULL,2016-07-13 00:52:37
848,66,25,0,NULL,2016-07-13 00:52:37
849,66,26,0,NULL,2016-07-13 00:52:37
850,66,27,0,NULL,2016-07-13 00:52:37
851,66,28,0,NULL,2016-07-13 00:52:37
852,66,29,0,NULL,2016-07-13 00:52:37
853,66,30,0,NULL,2016-07-13 00:52:37
854,66,31,0,NULL,2016-07-13 00:52:37
855,66,32,0,NULL,2016-07-13 00:52:37
856,66,33,0,NULL,2016-07-13 00:52:37
857,66,34,0,NULL,2016-07-13 00:52:37
858,66,35,0,NULL,2016-07-13 00:52:37
859,66,36,0,NULL,2016-07-13 00:52:37
860,66,37,0,NULL,2016-07-13 00:52:37
861,66,38,0,NULL,2016-07-13 00:52:37
862,66,39,0,NULL,2016-07-13 00:52:37
863,66,40,0,NULL,2016-07-13 00:52:37
864,66,41,0,NULL,2016-07-13 00:52:37
865,66,42,0,NULL,2016-07-13 00:52:37
866,66,43,0,NULL,2016-07-13 00:52:37
867,66,44,0,NULL,2016-07-13 00:52:37
868,66,45,0,NULL,2016-07-13 00:52:37
869,67,1,NULL,NULL,2016-07-13 00:52:38
870,67,2,NULL,NULL,2016-07-13 00:52:38
871,67,3,NULL,NULL,2016-07-13 00:52:38
872,67,4,NULL,NULL,2016-07-13 00:52:38
873,67,5,NULL,NULL,2016-07-13 00:52:38
874,67,6,NULL,NULL,2016-07-13 00:52:38
875,67,7,NULL,NULL,2016-07-13 00:52:38
876,67,8,NULL,NULL,2016-07-13 00:52:38
877,67,9,NULL,NULL,2016-07-13 00:52:38
878,67,10,NULL,NULL,2016-07-13 00:52:38
879,67,11,NULL,NULL,2016-07-13 00:52:38
880,67,12,NULL,NULL,2016-07-13 00:52:38
881,67,13,NULL,NULL,2016-07-13 00:52:38
882,67,14,NULL,NULL,2016-07-13 00:52:38
883,67,15,NULL,NULL,2016-07-13 00:52:38
884,67,16,NULL,NULL,2016-07-13 00:52:38
885,68,1,NULL,NULL,2016-07-13 00:52:38
886,68,2,NULL,NULL,2016-07-13 00:52:38
887,68,3,NULL,NULL,2016-07-13 00:52:38
888,68,4,NULL,NULL,2016-07-13 00:52:38
889,68,5,NULL,NULL,2016-07-13 00:52:38
890,69,1,NULL,NULL,2016-07-13 00:52:38
891,69,2,NULL,NULL,2016-07-13 00:52:38
892,69,3,NULL,NULL,2016-07-13 00:52:38
893,69,4,NULL,NULL,2016-07-13 00:52:38
894,69,5,NULL,NULL,2016-07-13 00:52:38
895,69,6,NULL,NULL,2016-07-13 00:52:38
896,70,1,NULL,NULL,2016-07-13 00:52:38
897,70,2,NULL,NULL,2016-07-13 00:52:38
898,70,3,NULL,NULL,2016-07-13 00:52:38
899,70,4,NULL,NULL,2016-07-13 00:52:38
900,70,5,NULL,NULL,2016-07-13 00:52:38
901,71,2,NULL,NULL,2016-07-13 00:52:38
902,71,3,NULL,NULL,2016-07-13 00:52:38
1525,71,1,NULL,NULL,2016-07-13 00:53:25
903,73,1,NULL,NULL,2016-07-13 00:52:39
904,73,2,NULL,NULL,2016-07-13 00:52:39
905,73,3,NULL,NULL,2016-07-13 00:52:39
906,73,4,NULL,NULL,2016-07-13 00:52:39
907,73,5,NULL,NULL,2016-07-13 00:52:39
908,73,6,NULL,NULL,2016-07-13 00:52:39
909,73,7,NULL,NULL,2016-07-13 00:52:39
910,73,8,NULL,NULL,2016-07-13 00:52:39
911,73,9,NULL,NULL,2016-07-13 00:52:39
912,73,10,NULL,NULL,2016-07-13 00:52:39
913,73,11,NULL,NULL,2016-07-13 00:52:39
914,73,12,NULL,NULL,2016-07-13 00:52:39
915,73,13,NULL,NULL,2016-07-13 00:52:39
916,76,-3105,0,NULL,2016-07-13 00:52:39
917,76,1,NULL,NULL,2016-07-13 00:52:39
918,76,2,NULL,NULL,2016-07-13 00:52:39
919,76,3,NULL,NULL,2016-07-13 00:52:39
920,76,4,NULL,NULL,2016-07-13 00:52:39
921,76,5,NULL,NULL,2016-07-13 00:52:39
922,76,6,NULL,NULL,2016-07-13 00:52:39
923,76,7,NULL,NULL,2016-07-13 00:52:39
924,76,8,NULL,NULL,2016-07-13 00:52:39
925,76,9,NULL,NULL,2016-07-13 00:52:39
926,76,10,NULL,NULL,2016-07-13 00:52:39
927,76,11,NULL,NULL,2016-07-13 00:52:39
928,76,12,NULL,NULL,2016-07-13 00:52:39
929,76,13,NULL,NULL,2016-07-13 00:52:39
930,76,14,NULL,NULL,2016-07-13 00:52:39
931,76,15,NULL,NULL,2016-07-13 00:52:39
932,76,16,NULL,NULL,2016-07-13 00:52:39
933,76,17,NULL,NULL,2016-07-13 00:52:39
934,76,18,NULL,NULL,2016-07-13 00:52:39
935,76,19,NULL,NULL,2016-07-13 00:52:39
936,76,20,NULL,NULL,2016-07-13 00:52:39
937,76,21,NULL,NULL,2016-07-13 00:52:39
938,76,22,NULL,NULL,2016-07-13 00:52:39
939,76,23,NULL,NULL,2016-07-13 00:52:39
940,76,24,NULL,NULL,2016-07-13 00:52:40
941,76,25,NULL,NULL,2016-07-13 00:52:40
942,76,26,NULL,NULL,2016-07-13 00:52:40
943,76,27,NULL,NULL,2016-07-13 00:52:40
944,76,28,NULL,NULL,2016-07-13 00:52:40
945,76,29,NULL,NULL,2016-07-13 00:52:40
946,76,30,NULL,NULL,2016-07-13 00:52:40
947,76,31,NULL,NULL,2016-07-13 00:52:40
948,76,32,NULL,NULL,2016-07-13 00:52:40
949,76,33,NULL,NULL,2016-07-13 00:52:40
950,76,34,NULL,NULL,2016-07-13 00:52:40
951,76,35,NULL,NULL,2016-07-13 00:52:40
952,76,36,NULL,NULL,2016-07-13 00:52:40
953,77,1,NULL,NULL,2016-07-13 00:52:40
954,77,2,NULL,NULL,2016-07-13 00:52:40
955,77,3,NULL,NULL,2016-07-13 00:52:40
956,77,4,NULL,NULL,2016-07-13 00:52:40
957,77,5,NULL,NULL,2016-07-13 00:52:40
958,77,6,NULL,NULL,2016-07-13 00:52:40
959,77,7,NULL,NULL,2016-07-13 00:52:40
960,77,8,NULL,NULL,2016-07-13 00:52:40
961,77,9,NULL,NULL,2016-07-13 00:52:40
962,77,10,NULL,NULL,2016-07-13 00:52:40
963,77,11,NULL,NULL,2016-07-13 00:52:40
964,77,12,NULL,NULL,2016-07-13 00:52:40
965,78,1,NULL,NULL,2016-07-13 00:52:40
966,78,2,NULL,NULL,2016-07-13 00:52:40
967,79,1,NULL,NULL,2016-07-13 00:52:40
968,79,2,NULL,NULL,2016-07-13 00:52:40
969,79,3,NULL,NULL,2016-07-13 00:52:40
970,80,1,NULL,NULL,2016-07-13 00:52:40
971,80,2,NULL,NULL,2016-07-13 00:52:40
972,80,3,NULL,NULL,2016-07-13 00:52:40
973,80,4,NULL,NULL,2016-07-13 00:52:40
974,80,5,NULL,NULL,2016-07-13 00:52:40
975,80,6,NULL,NULL,2016-07-13 00:52:40
976,80,7,NULL,NULL,2016-07-13 00:52:40
977,80,8,NULL,NULL,2016-07-13 00:52:40
978,80,9,NULL,NULL,2016-07-13 00:52:40
979,80,10,NULL,NULL,2016-07-13 00:52:40
980,80,11,NULL,NULL,2016-07-13 00:52:40
981,80,12,NULL,NULL,2016-07-13 00:52:40
982,80,13,NULL,NULL,2016-07-13 00:52:40
983,80,14,NULL,NULL,2016-07-13 00:52:40
984,80,15,NULL,NULL,2016-07-13 00:52:40
985,80,16,NULL,NULL,2016-07-13 00:52:40
986,80,17,NULL,NULL,2016-07-13 00:52:40
987,80,18,NULL,NULL,2016-07-13 00:52:40
2437,81,0,0,NULL,2016-07-13 00:54:48
2438,81,1,NULL,NULL,2016-07-13 00:54:48
2439,81,2,NULL,NULL,2016-07-13 00:54:48
2440,81,3,NULL,NULL,2016-07-13 00:54:48
2441,81,4,NULL,NULL,2016-07-13 00:54:48
2442,81,5,NULL,NULL,2016-07-13 00:54:48
2443,81,6,NULL,NULL,2016-07-13 00:54:48
2444,81,7,NULL,NULL,2016-07-13 00:54:48
2445,81,8,NULL,NULL,2016-07-13 00:54:48
2446,81,9,NULL,NULL,2016-07-13 00:54:48
2447,81,10,NULL,NULL,2016-07-13 00:54:48
2448,81,11,NULL,NULL,2016-07-13 00:54:48
2449,81,12,NULL,NULL,2016-07-13 00:54:48
988,82,1,NULL,NULL,2016-07-13 00:52:41
989,82,2,NULL,NULL,2016-07-13 00:52:41
990,82,3,NULL,NULL,2016-07-13 00:52:41
991,82,4,NULL,NULL,2016-07-13 00:52:41
992,82,5,NULL,NULL,2016-07-13 00:52:41
993,82,6,NULL,NULL,2016-07-13 00:52:41
994,82,7,NULL,NULL,2016-07-13 00:52:41
995,82,8,NULL,NULL,2016-07-13 00:52:41
996,82,9,NULL,NULL,2016-07-13 00:52:41
997,82,10,NULL,NULL,2016-07-13 00:52:41
998,82,11,NULL,NULL,2016-07-13 00:52:41
999,82,12,NULL,NULL,2016-07-13 00:52:41
1000,82,13,NULL,NULL,2016-07-13 00:52:41
1001,82,14,NULL,NULL,2016-07-13 00:52:41
1002,82,15,NULL,NULL,2016-07-13 00:52:41
1003,82,16,NULL,NULL,2016-07-13 00:52:41
1004,82,17,NULL,NULL,2016-07-13 00:52:41
1005,82,18,NULL,NULL,2016-07-13 00:52:41
1006,82,19,NULL,NULL,2016-07-13 00:52:41
1007,82,20,NULL,NULL,2016-07-13 00:52:41
1008,82,21,NULL,NULL,2016-07-13 00:52:41
1009,82,22,NULL,NULL,2016-07-13 00:52:41
1010,82,23,NULL,NULL,2016-07-13 00:52:41
1011,82,24,NULL,NULL,2016-07-13 00:52:41
1012,82,25,NULL,NULL,2016-07-13 00:52:41
1013,82,26,NULL,NULL,2016-07-13 00:52:41
1014,82,27,NULL,NULL,2016-07-13 00:52:41
1015,82,28,NULL,NULL,2016-07-13 00:52:41
1016,82,29,NULL,NULL,2016-07-13 00:52:41
1017,82,30,NULL,NULL,2016-07-13 00:52:41
1018,82,31,NULL,NULL,2016-07-13 00:52:41
1019,82,32,NULL,NULL,2016-07-13 00:52:41
1020,82,33,NULL,NULL,2016-07-13 00:52:41
1021,82,34,NULL,NULL,2016-07-13 00:52:41
1022,82,35,NULL,NULL,2016-07-13 00:52:41
1023,82,36,NULL,NULL,2016-07-13 00:52:41
1024,82,37,NULL,NULL,2016-07-13 00:52:41
1025,82,38,NULL,NULL,2016-07-13 00:52:41
1026,82,39,NULL,NULL,2016-07-13 00:52:41
1027,82,40,NULL,NULL,2016-07-13 00:52:41
1028,82,41,NULL,NULL,2016-07-13 00:52:41
1029,82,42,NULL,NULL,2016-07-13 00:52:41
1030,82,43,NULL,NULL,2016-07-13 00:52:41
1031,82,44,NULL,NULL,2016-07-13 00:52:41
1032,82,45,NULL,NULL,2016-07-13 00:52:41
1033,82,46,NULL,NULL,2016-07-13 00:52:41
1034,82,47,NULL,NULL,2016-07-13 00:52:41
1035,82,-3105,NULL,NULL,2016-07-13 00:52:41
1036,83,1,NULL,NULL,2016-07-13 00:52:41
1037,83,2,NULL,NULL,2016-07-13 00:52:41
1038,83,3,NULL,NULL,2016-07-13 00:52:41
1039,83,4,NULL,NULL,2016-07-13 00:52:41
1040,83,5,NULL,NULL,2016-07-13 00:52:41
1041,83,6,NULL,NULL,2016-07-13 00:52:41
1042,83,7,NULL,NULL,2016-07-13 00:52:41
1043,83,8,NULL,NULL,2016-07-13 00:52:41
1044,83,9,NULL,NULL,2016-07-13 00:52:41
1045,83,10,NULL,NULL,2016-07-13 00:52:41
1046,83,11,NULL,NULL,2016-07-13 00:52:41
1047,83,12,NULL,NULL,2016-07-13 00:52:41
1048,83,13,NULL,NULL,2016-07-13 00:52:41
1049,83,14,NULL,NULL,2016-07-13 00:52:41
1050,83,15,NULL,NULL,2016-07-13 00:52:41
1051,83,16,NULL,NULL,2016-07-13 00:52:41
1052,83,17,NULL,NULL,2016-07-13 00:52:41
1053,83,18,NULL,NULL,2016-07-13 00:52:41
1054,83,19,NULL,NULL,2016-07-13 00:52:41
1055,83,20,NULL,NULL,2016-07-13 00:52:41
1056,83,21,NULL,NULL,2016-07-13 00:52:41
1057,83,22,NULL,NULL,2016-07-13 00:52:41
1058,83,23,NULL,NULL,2016-07-13 00:52:41
1059,83,24,NULL,NULL,2016-07-13 00:52:41
1060,83,25,NULL,NULL,2016-07-13 00:52:41
1061,83,26,NULL,NULL,2016-07-13 00:52:41
1062,83,27,NULL,NULL,2016-07-13 00:52:41
1063,83,28,NULL,NULL,2016-07-13 00:52:41
1064,83,29,NULL,NULL,2016-07-13 00:52:41
1065,83,30,NULL,NULL,2016-07-13 00:52:41
1066,83,31,NULL,NULL,2016-07-13 00:52:41
1067,83,32,NULL,NULL,2016-07-13 00:52:41
1068,83,33,NULL,NULL,2016-07-13 00:52:41
1069,83,34,NULL,NULL,2016-07-13 00:52:41
1070,83,35,NULL,NULL,2016-07-13 00:52:41
1071,83,36,NULL,NULL,2016-07-13 00:52:41
1072,83,37,NULL,NULL,2016-07-13 00:52:41
1073,83,38,NULL,NULL,2016-07-13 00:52:41
1074,83,39,NULL,NULL,2016-07-13 00:52:41
1075,83,40,NULL,NULL,2016-07-13 00:52:41
1076,83,41,NULL,NULL,2016-07-13 00:52:41
1077,83,42,NULL,NULL,2016-07-13 00:52:41
1078,83,43,NULL,NULL,2016-07-13 00:52:41
1079,83,44,NULL,NULL,2016-07-13 00:52:41
1080,83,45,NULL,NULL,2016-07-13 00:52:41
1081,83,-3105,NULL,NULL,2016-07-13 00:52:41
1082,84,1,NULL,NULL,2016-07-13 00:52:41
1083,84,2,NULL,NULL,2016-07-13 00:52:41
1084,84,3,NULL,NULL,2016-07-13 00:52:41
1085,84,4,NULL,NULL,2016-07-13 00:52:41
1086,84,5,NULL,NULL,2016-07-13 00:52:41
1087,84,6,NULL,NULL,2016-07-13 00:52:41
1088,84,7,NULL,NULL,2016-07-13 00:52:41
1089,84,8,NULL,NULL,2016-07-13 00:52:41
1090,84,9,NULL,NULL,2016-07-13 00:52:41
1091,84,10,NULL,NULL,2016-07-13 00:52:41
1092,84,11,NULL,NULL,2016-07-13 00:52:41
1093,84,12,NULL,NULL,2016-07-13 00:52:41
1094,84,13,NULL,NULL,2016-07-13 00:52:41
1095,84,14,NULL,NULL,2016-07-13 00:52:41
1096,84,15,NULL,NULL,2016-07-13 00:52:41
1097,84,16,NULL,NULL,2016-07-13 00:52:41
1098,84,17,NULL,NULL,2016-07-13 00:52:41
1099,84,18,NULL,NULL,2016-07-13 00:52:41
1100,84,19,NULL,NULL,2016-07-13 00:52:41
1101,84,20,NULL,NULL,2016-07-13 00:52:41
1102,84,21,NULL,NULL,2016-07-13 00:52:41
1103,84,22,NULL,NULL,2016-07-13 00:52:41
1104,84,23,NULL,NULL,2016-07-13 00:52:41
1105,84,24,NULL,NULL,2016-07-13 00:52:41
1106,84,25,NULL,NULL,2016-07-13 00:52:41
1107,84,26,NULL,NULL,2016-07-13 00:52:41
1108,84,27,NULL,NULL,2016-07-13 00:52:41
1109,84,28,NULL,NULL,2016-07-13 00:52:41
1110,84,29,NULL,NULL,2016-07-13 00:52:41
1111,84,30,NULL,NULL,2016-07-13 00:52:41
1112,84,31,NULL,NULL,2016-07-13 00:52:41
1113,84,32,NULL,NULL,2016-07-13 00:52:41
1114,84,33,NULL,NULL,2016-07-13 00:52:41
1115,84,34,NULL,NULL,2016-07-13 00:52:41
1116,84,35,NULL,NULL,2016-07-13 00:52:41
1117,84,36,NULL,NULL,2016-07-13 00:52:41
1118,84,37,NULL,NULL,2016-07-13 00:52:41
1119,84,38,NULL,NULL,2016-07-13 00:52:41
1120,84,39,NULL,NULL,2016-07-13 00:52:41
1121,84,40,NULL,NULL,2016-07-13 00:52:41
1122,84,41,NULL,NULL,2016-07-13 00:52:41
1123,84,42,NULL,NULL,2016-07-13 00:52:41
1124,84,43,NULL,NULL,2016-07-13 00:52:41
1125,84,44,NULL,NULL,2016-07-13 00:52:41
1126,84,45,NULL,NULL,2016-07-13 00:52:41
1127,84,46,NULL,NULL,2016-07-13 00:52:41
1128,84,47,NULL,NULL,2016-07-13 00:52:41
1129,85,1,NULL,NULL,2016-07-13 00:52:42
1130,85,2,NULL,NULL,2016-07-13 00:52:42
1131,85,3,NULL,NULL,2016-07-13 00:52:42
1132,85,4,NULL,NULL,2016-07-13 00:52:42
1133,85,5,NULL,NULL,2016-07-13 00:52:42
1134,85,6,NULL,NULL,2016-07-13 00:52:42
1135,85,7,NULL,NULL,2016-07-13 00:52:42
1136,85,8,NULL,NULL,2016-07-13 00:52:42
1137,85,9,NULL,NULL,2016-07-13 00:52:42
1138,85,10,NULL,NULL,2016-07-13 00:52:42
1139,85,11,NULL,NULL,2016-07-13 00:52:42
1140,85,12,NULL,NULL,2016-07-13 00:52:42
1141,85,13,NULL,NULL,2016-07-13 00:52:42
1142,85,14,NULL,NULL,2016-07-13 00:52:42
1143,85,15,NULL,NULL,2016-07-13 00:52:42
1144,85,16,NULL,NULL,2016-07-13 00:52:42
1145,85,17,NULL,NULL,2016-07-13 00:52:42
1146,85,18,NULL,NULL,2016-07-13 00:52:42
1147,85,19,NULL,NULL,2016-07-13 00:52:42
1148,85,20,NULL,NULL,2016-07-13 00:52:42
1149,85,21,NULL,NULL,2016-07-13 00:52:42
1150,85,22,NULL,NULL,2016-07-13 00:52:42
1151,85,23,NULL,NULL,2016-07-13 00:52:42
1152,85,24,NULL,NULL,2016-07-13 00:52:42
1153,85,25,NULL,NULL,2016-07-13 00:52:42
1154,85,26,NULL,NULL,2016-07-13 00:52:42
1155,85,27,NULL,NULL,2016-07-13 00:52:42
1156,85,28,NULL,NULL,2016-07-13 00:52:42
1157,85,29,NULL,NULL,2016-07-13 00:52:42
1158,85,30,NULL,NULL,2016-07-13 00:52:42
1159,85,31,NULL,NULL,2016-07-13 00:52:42
1160,85,32,NULL,NULL,2016-07-13 00:52:42
1161,85,33,NULL,NULL,2016-07-13 00:52:42
1162,85,34,NULL,NULL,2016-07-13 00:52:42
1163,85,35,NULL,NULL,2016-07-13 00:52:42
1164,85,36,NULL,NULL,2016-07-13 00:52:42
1165,85,37,NULL,NULL,2016-07-13 00:52:42
1166,85,38,NULL,NULL,2016-07-13 00:52:42
1167,85,39,NULL,NULL,2016-07-13 00:52:42
1168,85,40,NULL,NULL,2016-07-13 00:52:42
1169,85,41,NULL,NULL,2016-07-13 00:52:42
1170,85,42,NULL,NULL,2016-07-13 00:52:42
1171,85,43,NULL,NULL,2016-07-13 00:52:42
1172,85,44,NULL,NULL,2016-07-13 00:52:42
1173,85,45,NULL,NULL,2016-07-13 00:52:42
1174,94,1,NULL,NULL,2016-07-13 00:52:43
1175,94,2,NULL,NULL,2016-07-13 00:52:43
1176,94,3,NULL,NULL,2016-07-13 00:52:43
1177,94,4,NULL,NULL,2016-07-13 00:52:43
1178,94,5,NULL,NULL,2016-07-13 00:52:43
1179,94,6,NULL,NULL,2016-07-13 00:52:43
1180,94,7,NULL,NULL,2016-07-13 00:52:43
1181,94,8,NULL,NULL,2016-07-13 00:52:43
1182,94,9,NULL,NULL,2016-07-13 00:52:43
1183,94,10,NULL,NULL,2016-07-13 00:52:43
1184,94,11,NULL,NULL,2016-07-13 00:52:43
1185,94,12,NULL,NULL,2016-07-13 00:52:43
1186,94,13,NULL,NULL,2016-07-13 00:52:43
1187,94,14,NULL,NULL,2016-07-13 00:52:43
1188,94,15,NULL,NULL,2016-07-13 00:52:43
1189,94,16,NULL,NULL,2016-07-13 00:52:43
1190,94,17,NULL,NULL,2016-07-13 00:52:43
1191,94,18,NULL,NULL,2016-07-13 00:52:43
1192,94,19,NULL,NULL,2016-07-13 00:52:43
1193,94,20,NULL,NULL,2016-07-13 00:52:43
1194,94,21,NULL,NULL,2016-07-13 00:52:43
1195,94,22,NULL,NULL,2016-07-13 00:52:43
1196,94,23,NULL,NULL,2016-07-13 00:52:43
1197,94,24,NULL,NULL,2016-07-13 00:52:43
1198,94,25,NULL,NULL,2016-07-13 00:52:43
1199,94,26,NULL,NULL,2016-07-13 00:52:43
1200,94,27,NULL,NULL,2016-07-13 00:52:43
1201,94,28,NULL,NULL,2016-07-13 00:52:43
1202,94,29,NULL,NULL,2016-07-13 00:52:43
1203,94,30,NULL,NULL,2016-07-13 00:52:43
1204,94,31,NULL,NULL,2016-07-13 00:52:43
1205,94,32,NULL,NULL,2016-07-13 00:52:43
1206,94,33,NULL,NULL,2016-07-13 00:52:43
1207,94,34,NULL,NULL,2016-07-13 00:52:43
1208,94,35,NULL,NULL,2016-07-13 00:52:43
1209,94,36,NULL,NULL,2016-07-13 00:52:43
1210,94,37,NULL,NULL,2016-07-13 00:52:43
1211,94,38,NULL,NULL,2016-07-13 00:52:43
1212,94,39,NULL,NULL,2016-07-13 00:52:43
1213,94,40,NULL,NULL,2016-07-13 00:52:43
1214,94,41,NULL,NULL,2016-07-13 00:52:43
1215,94,42,NULL,NULL,2016-07-13 00:52:43
1216,94,43,NULL,NULL,2016-07-13 00:52:43
1217,94,44,NULL,NULL,2016-07-13 00:52:43
1218,94,45,NULL,NULL,2016-07-13 00:52:43
1219,94,46,NULL,NULL,2016-07-13 00:52:43
1220,94,47,NULL,NULL,2016-07-13 00:52:43
1221,94,48,NULL,NULL,2016-07-13 00:52:43
1222,94,49,NULL,NULL,2016-07-13 00:52:43
1223,94,50,NULL,NULL,2016-07-13 00:52:43
1224,94,51,NULL,NULL,2016-07-13 00:52:43
1225,95,1,NULL,NULL,2016-07-13 00:52:44
1226,95,2,NULL,NULL,2016-07-13 00:52:44
1227,95,3,NULL,NULL,2016-07-13 00:52:44
1228,95,4,NULL,NULL,2016-07-13 00:52:44
1229,95,5,NULL,NULL,2016-07-13 00:52:44
1230,95,6,NULL,NULL,2016-07-13 00:52:44
1231,96,1,NULL,NULL,2016-07-13 00:52:44
1232,96,2,NULL,NULL,2016-07-13 00:52:44
1233,96,3,NULL,NULL,2016-07-13 00:52:44
1234,96,4,NULL,NULL,2016-07-13 00:52:44
1235,97,1,NULL,NULL,2016-07-13 00:52:44
1236,97,2,NULL,NULL,2016-07-13 00:52:44
1237,97,3,NULL,NULL,2016-07-13 00:52:44
1238,97,4,NULL,NULL,2016-07-13 00:52:44
1239,99,false,NULL,NULL,2016-07-13 00:52:44
1240,99,true,NULL,NULL,2016-07-13 00:52:44
1241,100,false,NULL,NULL,2016-07-13 00:52:45
1242,100,true,NULL,NULL,2016-07-13 00:52:45
1243,101,1,NULL,NULL,2016-07-13 00:52:45
1244,101,2,NULL,NULL,2016-07-13 00:52:45
1245,101,3,NULL,NULL,2016-07-13 00:52:45
1246,101,4,NULL,NULL,2016-07-13 00:52:45
1247,101,5,NULL,NULL,2016-07-13 00:52:45
1248,101,6,NULL,NULL,2016-07-13 00:52:45
1249,101,7,NULL,NULL,2016-07-13 00:52:45
1250,101,8,NULL,NULL,2016-07-13 00:52:45
1251,101,9,NULL,NULL,2016-07-13 00:52:45
1252,101,10,NULL,NULL,2016-07-13 00:52:45
1253,101,11,NULL,NULL,2016-07-13 00:52:45
1254,101,12,NULL,NULL,2016-07-13 00:52:45
1255,101,13,NULL,NULL,2016-07-13 00:52:45
1256,101,14,NULL,NULL,2016-07-13 00:52:45
1257,101,15,NULL,NULL,2016-07-13 00:52:45
1258,101,16,NULL,NULL,2016-07-13 00:52:45
1259,101,17,NULL,NULL,2016-07-13 00:52:45
1260,101,18,NULL,NULL,2016-07-13 00:52:45
1261,102,1,NULL,NULL,2016-07-13 00:52:45
1262,102,2,NULL,NULL,2016-07-13 00:52:45
1263,102,3,NULL,NULL,2016-07-13 00:52:45
1264,102,4,NULL,NULL,2016-07-13 00:52:45
1265,102,5,NULL,NULL,2016-07-13 00:52:45
1266,102,6,NULL,NULL,2016-07-13 00:52:45
1267,102,7,NULL,NULL,2016-07-13 00:52:45
1268,102,8,NULL,NULL,2016-07-13 00:52:45
1269,102,9,NULL,NULL,2016-07-13 00:52:45
1270,102,10,NULL,NULL,2016-07-13 00:52:45
1271,102,11,NULL,NULL,2016-07-13 00:52:45
1272,103,1,NULL,NULL,2016-07-13 00:52:45
1273,103,2,NULL,NULL,2016-07-13 00:52:45
1274,103,3,NULL,NULL,2016-07-13 00:52:45
1275,103,4,NULL,NULL,2016-07-13 00:52:45
1276,103,5,NULL,NULL,2016-07-13 00:52:45
1277,103,6,NULL,NULL,2016-07-13 00:52:45
1278,103,7,NULL,NULL,2016-07-13 00:52:45
1279,103,8,NULL,NULL,2016-07-13 00:52:45
1280,103,9,NULL,NULL,2016-07-13 00:52:45
1281,103,10,NULL,NULL,2016-07-13 00:52:45
1282,103,11,NULL,NULL,2016-07-13 00:52:45
1283,103,12,NULL,NULL,2016-07-13 00:52:45
1284,103,13,NULL,NULL,2016-07-13 00:52:45
1285,103,14,NULL,NULL,2016-07-13 00:52:45
1286,103,15,NULL,NULL,2016-07-13 00:52:45
1287,103,16,NULL,NULL,2016-07-13 00:52:45
1288,103,17,NULL,NULL,2016-07-13 00:52:45
1289,103,18,NULL,NULL,2016-07-13 00:52:45
1290,103,19,NULL,NULL,2016-07-13 00:52:45
1291,103,20,NULL,NULL,2016-07-13 00:52:45
1292,103,21,NULL,NULL,2016-07-13 00:52:45
1293,103,22,NULL,NULL,2016-07-13 00:52:45
1294,103,23,NULL,NULL,2016-07-13 00:52:45
1295,103,24,NULL,NULL,2016-07-13 00:52:45
1296,103,25,NULL,NULL,2016-07-13 00:52:45
1297,103,26,NULL,NULL,2016-07-13 00:52:45
1298,103,27,NULL,NULL,2016-07-13 00:52:45
1299,103,28,NULL,NULL,2016-07-13 00:52:45
1300,103,29,NULL,NULL,2016-07-13 00:52:45
1301,103,30,NULL,NULL,2016-07-13 00:52:45
1302,103,31,NULL,NULL,2016-07-13 00:52:45
1303,103,32,NULL,NULL,2016-07-13 00:52:45
1304,103,33,NULL,NULL,2016-07-13 00:52:45
1305,103,34,NULL,NULL,2016-07-13 00:52:45
1306,103,35,NULL,NULL,2016-07-13 00:52:45
1307,103,36,NULL,NULL,2016-07-13 00:52:45
1308,103,37,NULL,NULL,2016-07-13 00:52:45
1309,103,38,NULL,NULL,2016-07-13 00:52:45
1310,103,39,NULL,NULL,2016-07-13 00:52:45
1311,103,40,NULL,NULL,2016-07-13 00:52:45
1312,103,41,NULL,NULL,2016-07-13 00:52:45
1313,103,42,NULL,NULL,2016-07-13 00:52:45
1314,103,43,NULL,NULL,2016-07-13 00:52:45
1315,103,44,NULL,NULL,2016-07-13 00:52:45
1316,103,45,NULL,NULL,2016-07-13 00:52:45
1317,103,46,NULL,NULL,2016-07-13 00:52:45
1318,104,1,NULL,NULL,2016-07-13 00:52:46
1319,104,2,NULL,NULL,2016-07-13 00:52:46
1320,104,3,NULL,NULL,2016-07-13 00:52:46
1321,104,4,NULL,NULL,2016-07-13 00:52:46
1322,104,5,NULL,NULL,2016-07-13 00:52:46
1323,104,6,NULL,NULL,2016-07-13 00:52:46
1324,104,7,NULL,NULL,2016-07-13 00:52:46
1325,104,8,NULL,NULL,2016-07-13 00:52:46
1326,104,9,NULL,NULL,2016-07-13 00:52:46
1327,104,10,NULL,NULL,2016-07-13 00:52:46
1328,104,11,NULL,NULL,2016-07-13 00:52:46
1329,104,12,NULL,NULL,2016-07-13 00:52:46
1330,104,13,NULL,NULL,2016-07-13 00:52:46
1331,104,14,NULL,NULL,2016-07-13 00:52:46
1332,104,15,NULL,NULL,2016-07-13 00:52:46
1333,104,16,NULL,NULL,2016-07-13 00:52:46
1334,104,17,NULL,NULL,2016-07-13 00:52:46
1335,104,18,NULL,NULL,2016-07-13 00:52:46
1336,104,19,NULL,NULL,2016-07-13 00:52:46
1337,104,20,NULL,NULL,2016-07-13 00:52:46
1338,104,21,NULL,NULL,2016-07-13 00:52:46
1339,104,22,NULL,NULL,2016-07-13 00:52:46
1340,104,23,NULL,NULL,2016-07-13 00:52:46
1341,104,24,NULL,NULL,2016-07-13 00:52:46
1342,104,25,NULL,NULL,2016-07-13 00:52:46
1343,104,26,NULL,NULL,2016-07-13 00:52:46
1344,104,27,NULL,NULL,2016-07-13 00:52:46
1345,104,28,NULL,NULL,2016-07-13 00:52:46
1346,104,29,NULL,NULL,2016-07-13 00:52:46
1347,104,30,NULL,NULL,2016-07-13 00:52:46
1348,104,31,NULL,NULL,2016-07-13 00:52:46
1349,104,32,NULL,NULL,2016-07-13 00:52:46
1350,104,33,NULL,NULL,2016-07-13 00:52:46
1351,104,34,NULL,NULL,2016-07-13 00:52:46
1352,104,35,NULL,NULL,2016-07-13 00:52:46
1353,104,36,NULL,NULL,2016-07-13 00:52:46
1354,104,37,NULL,NULL,2016-07-13 00:52:46
1355,104,38,NULL,NULL,2016-07-13 00:52:46
1356,104,39,NULL,NULL,2016-07-13 00:52:46
1357,104,40,NULL,NULL,2016-07-13 00:52:46
1358,104,41,NULL,NULL,2016-07-13 00:52:46
1359,104,42,NULL,NULL,2016-07-13 00:52:46
1360,104,43,NULL,NULL,2016-07-13 00:52:46
1361,104,44,NULL,NULL,2016-07-13 00:52:46
1362,105,1,NULL,NULL,2016-07-13 00:52:46
1363,105,2,NULL,NULL,2016-07-13 00:52:46
1364,105,3,NULL,NULL,2016-07-13 00:52:46
1365,105,4,NULL,NULL,2016-07-13 00:52:46
1366,105,6,NULL,NULL,2016-07-13 00:52:46
1367,106,3,NULL,NULL,2016-07-13 00:52:46
1368,106,4,NULL,NULL,2016-07-13 00:52:46
1369,106,5,NULL,NULL,2016-07-13 00:52:46
1370,106,6,NULL,NULL,2016-07-13 00:52:46
1371,106,7,NULL,NULL,2016-07-13 00:52:46
1372,106,8,NULL,NULL,2016-07-13 00:52:46
1373,108,1,NULL,NULL,2016-07-13 00:52:47
1374,108,2,NULL,NULL,2016-07-13 00:52:47
1375,108,3,NULL,NULL,2016-07-13 00:52:47
1376,108,4,NULL,NULL,2016-07-13 00:52:47
1377,108,5,NULL,NULL,2016-07-13 00:52:47
1378,108,6,NULL,NULL,2016-07-13 00:52:47
1379,108,7,NULL,NULL,2016-07-13 00:52:47
1380,108,8,NULL,NULL,2016-07-13 00:52:47
1381,108,9,NULL,NULL,2016-07-13 00:52:47
1382,110,1,NULL,NULL,2016-07-13 00:52:47
1383,110,2,NULL,NULL,2016-07-13 00:52:47
1384,111,1,NULL,NULL,2016-07-13 00:52:48
1385,111,2,NULL,NULL,2016-07-13 00:52:48
1386,112,1,NULL,NULL,2016-07-13 00:52:48
1387,112,2,NULL,NULL,2016-07-13 00:52:48
1388,113,1,NULL,NULL,2016-07-13 00:52:49
1389,113,2,NULL,NULL,2016-07-13 00:52:49
1390,113,3,NULL,NULL,2016-07-13 00:52:49
1391,113,4,NULL,NULL,2016-07-13 00:52:49
1392,113,5,NULL,NULL,2016-07-13 00:52:49
1393,113,6,NULL,NULL,2016-07-13 00:52:49
1394,113,7,NULL,NULL,2016-07-13 00:52:49
1395,113,8,NULL,NULL,2016-07-13 00:52:49
1396,114,1,NULL,NULL,2016-07-13 00:52:49
1397,114,2,0,NULL,2016-07-13 00:52:49
1398,115,1,,NULL,2016-07-13 00:52:49
1399,115,2,0,NULL,2016-07-13 00:52:49
1400,116,1,NULL,NULL,2016-07-13 00:52:49
1401,116,2,NULL,NULL,2016-07-13 00:52:49
1402,117,1,NULL,NULL,2016-07-13 00:52:49
1403,117,2,NULL,NULL,2016-07-13 00:52:49
1404,117,3,NULL,NULL,2016-07-13 00:52:49
1405,118,1,NULL,NULL,2016-07-13 00:52:50
1406,118,2,NULL,NULL,2016-07-13 00:52:50
1407,119,1,NULL,NULL,2016-07-13 00:52:50
1408,119,2,NULL,NULL,2016-07-13 00:52:50
1409,119,3,NULL,NULL,2016-07-13 00:52:50
1410,119,4,NULL,NULL,2016-07-13 00:52:50
1411,119,5,NULL,NULL,2016-07-13 00:52:50
1412,119,6,NULL,NULL,2016-07-13 00:52:50
1413,119,7,NULL,NULL,2016-07-13 00:52:50
1414,119,8,NULL,NULL,2016-07-13 00:52:50
1415,119,9,NULL,NULL,2016-07-13 00:52:50
1416,119,10,NULL,NULL,2016-07-13 00:52:50
1417,119,11,NULL,NULL,2016-07-13 00:52:50
1418,119,12,NULL,NULL,2016-07-13 00:52:50
1419,119,13,NULL,NULL,2016-07-13 00:52:50
1420,119,14,NULL,NULL,2016-07-13 00:52:50
1421,119,15,NULL,NULL,2016-07-13 00:52:50
1422,119,16,NULL,NULL,2016-07-13 00:52:50
1423,119,17,NULL,NULL,2016-07-13 00:52:50
1424,119,18,NULL,NULL,2016-07-13 00:52:50
1425,119,19,NULL,NULL,2016-07-13 00:52:50
1426,119,20,NULL,NULL,2016-07-13 00:52:50
1427,119,21,NULL,NULL,2016-07-13 00:52:50
1428,119,22,NULL,NULL,2016-07-13 00:52:50
1429,119,23,NULL,NULL,2016-07-13 00:52:50
1430,119,24,NULL,NULL,2016-07-13 00:52:50
1431,120,1,NULL,NULL,2016-07-13 00:52:50
1432,120,2,NULL,NULL,2016-07-13 00:52:50
1433,120,3,NULL,NULL,2016-07-13 00:52:50
1434,120,4,NULL,NULL,2016-07-13 00:52:50
1435,120,5,NULL,NULL,2016-07-13 00:52:50
1436,120,6,NULL,NULL,2016-07-13 00:52:50
1437,120,7,NULL,NULL,2016-07-13 00:52:50
1438,120,8,NULL,NULL,2016-07-13 00:52:50
1439,120,9,NULL,NULL,2016-07-13 00:52:50
1440,120,10,NULL,NULL,2016-07-13 00:52:50
1441,120,11,NULL,NULL,2016-07-13 00:52:50
1442,121,1,NULL,NULL,2016-07-13 00:52:50
1443,121,2,NULL,NULL,2016-07-13 00:52:50
1444,121,3,NULL,NULL,2016-07-13 00:52:50
1445,121,4,NULL,NULL,2016-07-13 00:52:50
1446,121,5,NULL,NULL,2016-07-13 00:52:50
1447,121,6,NULL,NULL,2016-07-13 00:52:50
1448,121,7,NULL,NULL,2016-07-13 00:52:50
1449,121,8,NULL,NULL,2016-07-13 00:52:50
1450,121,9,NULL,NULL,2016-07-13 00:52:50
1451,121,10,NULL,NULL,2016-07-13 00:52:50
1452,121,11,NULL,NULL,2016-07-13 00:52:50
1453,121,12,NULL,NULL,2016-07-13 00:52:50
1454,121,13,NULL,NULL,2016-07-13 00:52:50
1455,121,14,NULL,NULL,2016-07-13 00:52:50
1456,121,15,NULL,NULL,2016-07-13 00:52:50
1457,121,16,NULL,NULL,2016-07-13 00:52:50
1458,121,17,NULL,NULL,2016-07-13 00:52:50
1459,121,18,NULL,NULL,2016-07-13 00:52:50
1460,121,19,NULL,NULL,2016-07-13 00:52:50
1461,121,20,NULL,NULL,2016-07-13 00:52:50
1462,121,21,NULL,NULL,2016-07-13 00:52:50
1463,121,22,NULL,NULL,2016-07-13 00:52:50
1464,121,23,NULL,NULL,2016-07-13 00:52:50
1465,121,24,NULL,NULL,2016-07-13 00:52:50
1466,121,25,NULL,NULL,2016-07-13 00:52:50
1467,121,26,NULL,NULL,2016-07-13 00:52:50
1468,121,27,NULL,NULL,2016-07-13 00:52:50
1469,121,28,NULL,NULL,2016-07-13 00:52:50
1470,121,29,NULL,NULL,2016-07-13 00:52:50
1471,121,30,NULL,NULL,2016-07-13 00:52:50
1472,121,31,NULL,NULL,2016-07-13 00:52:50
1473,121,32,NULL,NULL,2016-07-13 00:52:50
1474,121,33,NULL,NULL,2016-07-13 00:52:50
1475,121,34,NULL,NULL,2016-07-13 00:52:50
1476,121,35,NULL,NULL,2016-07-13 00:52:50
1477,121,36,NULL,NULL,2016-07-13 00:52:50
1478,121,-3105,NULL,NULL,2016-07-13 00:52:50
1479,122,1,NULL,NULL,2016-07-13 00:52:51
1480,122,2,NULL,NULL,2016-07-13 00:52:51
1481,122,3,NULL,NULL,2016-07-13 00:52:51
1482,122,4,NULL,NULL,2016-07-13 00:52:51
1483,122,5,NULL,NULL,2016-07-13 00:52:51
1484,122,6,NULL,NULL,2016-07-13 00:52:51
1485,122,7,NULL,NULL,2016-07-13 00:52:51
1486,122,8,NULL,NULL,2016-07-13 00:52:51
1487,122,9,NULL,NULL,2016-07-13 00:52:51
1488,122,10,NULL,NULL,2016-07-13 00:52:51
1489,122,11,NULL,NULL,2016-07-13 00:52:51
1490,122,12,NULL,NULL,2016-07-13 00:52:51
1491,122,13,NULL,NULL,2016-07-13 00:52:51
1492,122,14,NULL,NULL,2016-07-13 00:52:51
1493,122,15,NULL,NULL,2016-07-13 00:52:51
1494,122,16,NULL,NULL,2016-07-13 00:52:51
1495,122,17,NULL,NULL,2016-07-13 00:52:51
1496,122,18,NULL,NULL,2016-07-13 00:52:51
1497,122,19,NULL,NULL,2016-07-13 00:52:51
1498,122,20,NULL,NULL,2016-07-13 00:52:51
1499,122,21,NULL,NULL,2016-07-13 00:52:51
1500,122,22,NULL,NULL,2016-07-13 00:52:51
1501,122,23,NULL,NULL,2016-07-13 00:52:51
1502,122,24,NULL,NULL,2016-07-13 00:52:51
1503,122,25,NULL,NULL,2016-07-13 00:52:51
1504,122,26,NULL,NULL,2016-07-13 00:52:51
1505,122,27,NULL,NULL,2016-07-13 00:52:51
1506,122,28,NULL,NULL,2016-07-13 00:52:51
1507,122,29,NULL,NULL,2016-07-13 00:52:51
1508,122,30,NULL,NULL,2016-07-13 00:52:51
1509,122,31,NULL,NULL,2016-07-13 00:52:51
1510,122,32,NULL,NULL,2016-07-13 00:52:51
1511,122,33,NULL,NULL,2016-07-13 00:52:51
1512,122,34,NULL,NULL,2016-07-13 00:52:51
1513,122,35,NULL,NULL,2016-07-13 00:52:51
1514,122,36,NULL,NULL,2016-07-13 00:52:51
1515,122,-3105,0,NULL,2016-07-13 00:52:51
1516,123,1,NULL,NULL,2016-07-13 00:52:51
1517,123,2,NULL,NULL,2016-07-13 00:52:51
1518,123,3,NULL,NULL,2016-07-13 00:52:51
1519,123,4,NULL,NULL,2016-07-13 00:52:51
1520,123,5,NULL,NULL,2016-07-13 00:52:51
1521,123,6,NULL,NULL,2016-07-13 00:52:51
1522,123,7,NULL,NULL,2016-07-13 00:52:51
1523,123,8,NULL,NULL,2016-07-13 00:52:51
1524,123,9,NULL,NULL,2016-07-13 00:52:51
1526,123,-3105,NULL,NULL,2016-07-13 00:53:38
1527,125,1,NULL,NULL,2016-07-13 00:53:38
1528,125,2,NULL,NULL,2016-07-13 00:53:38
1529,125,3,NULL,NULL,2016-07-13 00:53:38
1530,125,4,NULL,NULL,2016-07-13 00:53:38
1531,125,5,NULL,NULL,2016-07-13 00:53:38
1532,125,6,NULL,NULL,2016-07-13 00:53:38
1533,125,7,NULL,NULL,2016-07-13 00:53:38
1534,125,8,NULL,NULL,2016-07-13 00:53:38
1535,125,9,NULL,NULL,2016-07-13 00:53:38
1536,125,10,NULL,NULL,2016-07-13 00:53:38
1537,125,11,NULL,NULL,2016-07-13 00:53:38
1538,125,12,NULL,NULL,2016-07-13 00:53:38
1539,126,1,NULL,NULL,2016-07-13 00:53:38
1540,126,2,NULL,NULL,2016-07-13 00:53:38
1541,126,3,NULL,NULL,2016-07-13 00:53:38
1542,126,4,NULL,NULL,2016-07-13 00:53:38
1543,126,5,NULL,NULL,2016-07-13 00:53:38
1544,126,6,NULL,NULL,2016-07-13 00:53:38
1545,126,7,NULL,NULL,2016-07-13 00:53:38
1546,126,8,NULL,NULL,2016-07-13 00:53:38
1547,126,9,NULL,NULL,2016-07-13 00:53:38
1548,126,10,NULL,NULL,2016-07-13 00:53:38
1549,126,11,NULL,NULL,2016-07-13 00:53:38
1550,126,12,NULL,NULL,2016-07-13 00:53:38
1551,126,13,NULL,NULL,2016-07-13 00:53:38
1552,126,14,NULL,NULL,2016-07-13 00:53:38
1553,126,15,NULL,NULL,2016-07-13 00:53:38
1554,126,16,NULL,NULL,2016-07-13 00:53:38
1555,126,17,NULL,NULL,2016-07-13 00:53:38
1556,126,18,NULL,NULL,2016-07-13 00:53:38
1557,126,19,NULL,NULL,2016-07-13 00:53:38
1558,126,20,NULL,NULL,2016-07-13 00:53:38
1559,126,21,NULL,NULL,2016-07-13 00:53:38
1560,126,22,NULL,NULL,2016-07-13 00:53:38
1561,126,23,NULL,NULL,2016-07-13 00:53:38
1562,126,24,NULL,NULL,2016-07-13 00:53:38
1563,126,25,NULL,NULL,2016-07-13 00:53:38
1564,126,26,NULL,NULL,2016-07-13 00:53:38
1565,126,27,NULL,NULL,2016-07-13 00:53:38
1566,126,28,NULL,NULL,2016-07-13 00:53:38
1567,126,29,NULL,NULL,2016-07-13 00:53:38
1568,126,30,NULL,NULL,2016-07-13 00:53:38
1569,126,31,NULL,NULL,2016-07-13 00:53:38
1570,126,32,NULL,NULL,2016-07-13 00:53:38
1571,126,33,NULL,NULL,2016-07-13 00:53:38
1572,126,34,NULL,NULL,2016-07-13 00:53:38
1573,126,35,NULL,NULL,2016-07-13 00:53:38
1574,126,36,NULL,NULL,2016-07-13 00:53:38
1575,126,37,NULL,NULL,2016-07-13 00:53:38
1576,127,1,NULL,NULL,2016-07-13 00:53:39
1577,127,2,NULL,NULL,2016-07-13 00:53:39
1578,127,3,NULL,NULL,2016-07-13 00:53:39
1579,127,4,NULL,NULL,2016-07-13 00:53:39
1580,128,1,NULL,NULL,2016-07-13 00:53:39
1581,128,2,NULL,NULL,2016-07-13 00:53:39
1582,128,3,NULL,NULL,2016-07-13 00:53:39
1583,128,4,NULL,NULL,2016-07-13 00:53:39
1584,128,5,NULL,NULL,2016-07-13 00:53:39
1585,128,-3105,NULL,NULL,2016-07-13 00:53:39
1586,129,1,NULL,NULL,2016-07-13 00:53:39
1587,129,2,NULL,NULL,2016-07-13 00:53:39
1588,129,3,NULL,NULL,2016-07-13 00:53:39
1589,129,4,NULL,NULL,2016-07-13 00:53:39
1590,129,5,NULL,NULL,2016-07-13 00:53:39
1591,129,6,NULL,NULL,2016-07-13 00:53:39
1592,129,7,NULL,NULL,2016-07-13 00:53:39
1593,130,1,NULL,NULL,2016-07-13 00:53:39
1594,130,2,NULL,NULL,2016-07-13 00:53:39
1595,130,3,NULL,NULL,2016-07-13 00:53:39
1596,130,4,NULL,NULL,2016-07-13 00:53:39
1597,130,5,NULL,NULL,2016-07-13 00:53:39
1598,130,6,NULL,NULL,2016-07-13 00:53:39
1599,130,7,NULL,NULL,2016-07-13 00:53:39
1600,130,8,NULL,NULL,2016-07-13 00:53:39
1601,130,9,NULL,NULL,2016-07-13 00:53:39
1602,130,10,NULL,NULL,2016-07-13 00:53:39
1603,131,1,NULL,NULL,2016-07-13 00:53:39
1604,131,2,NULL,NULL,2016-07-13 00:53:39
1605,131,3,NULL,NULL,2016-07-13 00:53:39
1689,133,1,NULL,NULL,2016-07-13 00:54:33
1690,133,2,NULL,NULL,2016-07-13 00:54:33
1691,133,3,NULL,NULL,2016-07-13 00:54:33
1692,133,4,NULL,NULL,2016-07-13 00:54:33
1693,133,5,NULL,NULL,2016-07-13 00:54:33
1694,133,6,NULL,NULL,2016-07-13 00:54:33
1695,133,7,NULL,NULL,2016-07-13 00:54:33
1696,133,8,NULL,NULL,2016-07-13 00:54:33
1697,133,9,NULL,NULL,2016-07-13 00:54:33
1698,133,10,NULL,NULL,2016-07-13 00:54:33
1699,133,11,NULL,NULL,2016-07-13 00:54:33
1700,133,12,NULL,NULL,2016-07-13 00:54:33
1701,133,13,NULL,NULL,2016-07-13 00:54:33
1702,133,14,NULL,NULL,2016-07-13 00:54:33
1703,133,15,NULL,NULL,2016-07-13 00:54:33
1704,134,1,NULL,NULL,2016-07-13 00:54:33
1705,134,2,NULL,NULL,2016-07-13 00:54:33
1706,134,53,NULL,NULL,2016-07-13 00:54:33
1707,134,3,NULL,NULL,2016-07-13 00:54:33
1708,134,4,NULL,NULL,2016-07-13 00:54:33
1709,134,5,NULL,NULL,2016-07-13 00:54:33
1710,134,6,NULL,NULL,2016-07-13 00:54:33
1711,134,7,NULL,NULL,2016-07-13 00:54:33
1712,134,8,NULL,NULL,2016-07-13 00:54:33
1713,134,9,NULL,NULL,2016-07-13 00:54:33
1714,134,54,NULL,NULL,2016-07-13 00:54:33
1715,134,10,NULL,NULL,2016-07-13 00:54:33
1716,134,11,NULL,NULL,2016-07-13 00:54:33
1717,134,55,NULL,NULL,2016-07-13 00:54:33
1718,134,12,NULL,NULL,2016-07-13 00:54:33
1719,134,13,NULL,NULL,2016-07-13 00:54:33
1720,134,14,NULL,NULL,2016-07-13 00:54:33
1721,134,15,NULL,NULL,2016-07-13 00:54:33
1722,134,16,NULL,NULL,2016-07-13 00:54:33
1723,134,17,NULL,NULL,2016-07-13 00:54:33
1724,134,18,NULL,NULL,2016-07-13 00:54:33
1725,134,19,NULL,NULL,2016-07-13 00:54:33
1726,134,20,NULL,NULL,2016-07-13 00:54:33
1727,134,56,NULL,NULL,2016-07-13 00:54:33
1728,134,21,NULL,NULL,2016-07-13 00:54:33
1729,134,22,NULL,NULL,2016-07-13 00:54:33
1730,134,23,NULL,NULL,2016-07-13 00:54:33
1731,134,24,NULL,NULL,2016-07-13 00:54:33
1732,134,25,NULL,NULL,2016-07-13 00:54:33
1733,134,26,NULL,NULL,2016-07-13 00:54:33
1734,134,27,NULL,NULL,2016-07-13 00:54:33
1735,134,28,NULL,NULL,2016-07-13 00:54:33
1736,134,29,NULL,NULL,2016-07-13 00:54:33
1737,134,30,NULL,NULL,2016-07-13 00:54:33
1738,134,31,NULL,NULL,2016-07-13 00:54:33
1739,134,32,NULL,NULL,2016-07-13 00:54:33
1740,134,33,NULL,NULL,2016-07-13 00:54:33
1741,134,34,NULL,NULL,2016-07-13 00:54:33
1742,134,35,NULL,NULL,2016-07-13 00:54:33
1743,134,57,NULL,NULL,2016-07-13 00:54:33
1744,134,0,NULL,NULL,2016-07-13 00:54:33
1745,134,52,NULL,NULL,2016-07-13 00:54:33
1746,134,36,NULL,NULL,2016-07-13 00:54:33
1747,134,37,NULL,NULL,2016-07-13 00:54:33
1748,134,38,NULL,NULL,2016-07-13 00:54:33
1749,134,58,NULL,NULL,2016-07-13 00:54:33
1750,134,39,NULL,NULL,2016-07-13 00:54:33
1751,134,59,NULL,NULL,2016-07-13 00:54:33
1752,134,40,NULL,NULL,2016-07-13 00:54:33
1753,134,41,NULL,NULL,2016-07-13 00:54:33
1754,134,42,NULL,NULL,2016-07-13 00:54:33
1755,134,43,NULL,NULL,2016-07-13 00:54:33
1756,134,44,NULL,NULL,2016-07-13 00:54:33
1757,134,45,NULL,NULL,2016-07-13 00:54:33
1758,134,46,NULL,NULL,2016-07-13 00:54:33
1759,134,60,NULL,NULL,2016-07-13 00:54:33
1760,134,47,NULL,NULL,2016-07-13 00:54:33
1761,134,48,NULL,NULL,2016-07-13 00:54:33
1762,134,49,NULL,NULL,2016-07-13 00:54:33
1763,134,50,NULL,NULL,2016-07-13 00:54:33
1764,134,51,NULL,NULL,2016-07-13 00:54:33
1765,135,662,NULL,NULL,2016-07-13 00:54:33
1766,135,525,NULL,NULL,2016-07-13 00:54:33
1767,135,532,NULL,NULL,2016-07-13 00:54:33
1768,135,790,NULL,NULL,2016-07-13 00:54:33
1769,135,644,NULL,NULL,2016-07-13 00:54:33
1770,135,583,NULL,NULL,2016-07-13 00:54:33
1771,135,634,NULL,NULL,2016-07-13 00:54:33
1772,135,743,NULL,NULL,2016-07-13 00:54:33
1773,135,524,NULL,NULL,2016-07-13 00:54:33
1774,135,520,NULL,NULL,2016-07-13 00:54:33
1775,135,635,NULL,NULL,2016-07-13 00:54:33
1776,135,800,NULL,NULL,2016-07-13 00:54:33
1777,135,512,NULL,NULL,2016-07-13 00:54:33
1778,135,537,NULL,NULL,2016-07-13 00:54:33
1779,135,716,NULL,NULL,2016-07-13 00:54:33
1780,135,692,NULL,NULL,2016-07-13 00:54:33
1781,135,821,NULL,NULL,2016-07-13 00:54:33
1782,135,756,NULL,NULL,2016-07-13 00:54:33
1783,135,746,NULL,NULL,2016-07-13 00:54:33
1784,135,502,NULL,NULL,2016-07-13 00:54:33
1785,135,630,NULL,NULL,2016-07-13 00:54:33
1786,135,559,NULL,NULL,2016-07-13 00:54:33
1787,135,757,NULL,NULL,2016-07-13 00:54:33
1788,135,506,NULL,NULL,2016-07-13 00:54:33
1789,135,736,NULL,NULL,2016-07-13 00:54:33
1790,135,514,NULL,NULL,2016-07-13 00:54:33
1791,135,523,NULL,NULL,2016-07-13 00:54:33
1792,135,754,NULL,NULL,2016-07-13 00:54:33
1793,135,767,NULL,NULL,2016-07-13 00:54:33
1794,135,637,NULL,NULL,2016-07-13 00:54:33
1795,135,648,NULL,NULL,2016-07-13 00:54:33
1796,135,519,NULL,NULL,2016-07-13 00:54:33
1797,135,564,NULL,NULL,2016-07-13 00:54:33
1798,135,517,NULL,NULL,2016-07-13 00:54:33
1799,135,584,NULL,NULL,2016-07-13 00:54:33
1800,135,575,NULL,NULL,2016-07-13 00:54:33
1801,135,759,NULL,NULL,2016-07-13 00:54:33
1802,135,602,NULL,NULL,2016-07-13 00:54:33
1803,135,868,NULL,NULL,2016-07-13 00:54:33
1804,135,515,NULL,NULL,2016-07-13 00:54:33
1805,135,598,NULL,NULL,2016-07-13 00:54:33
1806,135,510,NULL,NULL,2016-07-13 00:54:33
1807,135,752,NULL,NULL,2016-07-13 00:54:33
1808,135,546,NULL,NULL,2016-07-13 00:54:33
1809,135,604,NULL,NULL,2016-07-13 00:54:33
1810,135,522,NULL,NULL,2016-07-13 00:54:33
1811,135,535,NULL,NULL,2016-07-13 00:54:33
1812,135,673,NULL,NULL,2016-07-13 00:54:33
1813,135,600,NULL,NULL,2016-07-13 00:54:33
1814,135,623,NULL,NULL,2016-07-13 00:54:33
1815,135,682,NULL,NULL,2016-07-13 00:54:33
1816,135,542,NULL,NULL,2016-07-13 00:54:33
1817,135,751,NULL,NULL,2016-07-13 00:54:33
1818,135,679,NULL,NULL,2016-07-13 00:54:33
1819,135,505,NULL,NULL,2016-07-13 00:54:33
1820,135,606,NULL,NULL,2016-07-13 00:54:33
1821,135,676,NULL,NULL,2016-07-13 00:54:33
1822,135,765,NULL,NULL,2016-07-13 00:54:33
1823,135,565,NULL,NULL,2016-07-13 00:54:33
1824,135,516,NULL,NULL,2016-07-13 00:54:34
1825,135,801,NULL,NULL,2016-07-13 00:54:34
1826,135,802,NULL,NULL,2016-07-13 00:54:34
1827,135,649,NULL,NULL,2016-07-13 00:54:34
1828,135,745,NULL,NULL,2016-07-13 00:54:34
1829,135,724,NULL,NULL,2016-07-13 00:54:34
1830,135,513,NULL,NULL,2016-07-13 00:54:34
1831,135,866,NULL,NULL,2016-07-13 00:54:34
1832,135,571,NULL,NULL,2016-07-13 00:54:34
1833,135,670,NULL,NULL,2016-07-13 00:54:34
1834,135,509,NULL,NULL,2016-07-13 00:54:34
1835,135,592,NULL,NULL,2016-07-13 00:54:34
1836,135,798,NULL,NULL,2016-07-13 00:54:34
1837,135,773,NULL,NULL,2016-07-13 00:54:34
1838,135,563,NULL,NULL,2016-07-13 00:54:34
1839,135,755,NULL,NULL,2016-07-13 00:54:34
1840,135,658,NULL,NULL,2016-07-13 00:54:34
1841,135,518,NULL,NULL,2016-07-13 00:54:34
1842,135,545,NULL,NULL,2016-07-13 00:54:34
1843,135,567,NULL,NULL,2016-07-13 00:54:34
1844,135,647,NULL,NULL,2016-07-13 00:54:34
1845,135,636,NULL,NULL,2016-07-13 00:54:34
1846,135,566,NULL,NULL,2016-07-13 00:54:34
1847,135,569,NULL,NULL,2016-07-13 00:54:34
1848,135,533,NULL,NULL,2016-07-13 00:54:34
1849,135,710,NULL,NULL,2016-07-13 00:54:34
1850,135,766,NULL,NULL,2016-07-13 00:54:34
1851,135,744,NULL,NULL,2016-07-13 00:54:34
1852,135,618,NULL,NULL,2016-07-13 00:54:34
1853,135,691,NULL,NULL,2016-07-13 00:54:34
1854,135,758,NULL,NULL,2016-07-13 00:54:34
1855,135,527,NULL,NULL,2016-07-13 00:54:34
1856,135,718,NULL,NULL,2016-07-13 00:54:34
1857,135,639,NULL,NULL,2016-07-13 00:54:34
1858,135,561,NULL,NULL,2016-07-13 00:54:34
1859,135,574,NULL,NULL,2016-07-13 00:54:34
1860,135,734,NULL,NULL,2016-07-13 00:54:34
1861,135,603,NULL,NULL,2016-07-13 00:54:34
1862,135,747,NULL,NULL,2016-07-13 00:54:34
1863,135,616,NULL,NULL,2016-07-13 00:54:34
1864,135,557,NULL,NULL,2016-07-13 00:54:34
1865,135,702,NULL,NULL,2016-07-13 00:54:34
1866,135,582,NULL,NULL,2016-07-13 00:54:34
1867,135,642,NULL,NULL,2016-07-13 00:54:34
1868,135,643,NULL,NULL,2016-07-13 00:54:34
1869,135,551,NULL,NULL,2016-07-13 00:54:34
1870,135,749,NULL,NULL,2016-07-13 00:54:34
1871,135,839,NULL,NULL,2016-07-13 00:54:34
1872,135,541,NULL,NULL,2016-07-13 00:54:34
1873,135,558,NULL,NULL,2016-07-13 00:54:34
1874,135,722,NULL,NULL,2016-07-13 00:54:34
1875,135,693,NULL,NULL,2016-07-13 00:54:34
1876,135,803,NULL,NULL,2016-07-13 00:54:34
1877,135,529,NULL,NULL,2016-07-13 00:54:34
1878,135,651,NULL,NULL,2016-07-13 00:54:34
1879,135,503,NULL,NULL,2016-07-13 00:54:34
1880,135,669,NULL,NULL,2016-07-13 00:54:34
1881,135,737,NULL,NULL,2016-07-13 00:54:34
1882,135,553,NULL,NULL,2016-07-13 00:54:34
1883,135,813,NULL,NULL,2016-07-13 00:54:34
1884,135,640,NULL,NULL,2016-07-13 00:54:34
1885,135,711,NULL,NULL,2016-07-13 00:54:34
1886,135,528,NULL,NULL,2016-07-13 00:54:34
1887,135,617,NULL,NULL,2016-07-13 00:54:34
1888,135,613,NULL,NULL,2016-07-13 00:54:34
1889,135,687,NULL,NULL,2016-07-13 00:54:34
1890,135,762,NULL,NULL,2016-07-13 00:54:34
1891,135,686,NULL,NULL,2016-07-13 00:54:34
1892,135,628,NULL,NULL,2016-07-13 00:54:34
1893,135,828,NULL,NULL,2016-07-13 00:54:34
1894,135,698,NULL,NULL,2016-07-13 00:54:34
1895,135,570,NULL,NULL,2016-07-13 00:54:34
1896,135,659,NULL,NULL,2016-07-13 00:54:34
1897,135,622,NULL,NULL,2016-07-13 00:54:34
1898,135,501,NULL,NULL,2016-07-13 00:54:34
1899,135,544,NULL,NULL,2016-07-13 00:54:34
1900,135,740,NULL,NULL,2016-07-13 00:54:34
1901,135,633,NULL,NULL,2016-07-13 00:54:34
1902,135,650,NULL,NULL,2016-07-13 00:54:34
1903,135,652,NULL,NULL,2016-07-13 00:54:34
1904,135,534,NULL,NULL,2016-07-13 00:54:34
1905,135,631,NULL,NULL,2016-07-13 00:54:34
1906,135,632,NULL,NULL,2016-07-13 00:54:34
1907,135,804,NULL,NULL,2016-07-13 00:54:34
1908,135,656,NULL,NULL,2016-07-13 00:54:34
1909,135,597,NULL,NULL,2016-07-13 00:54:34
1910,135,675,NULL,NULL,2016-07-13 00:54:34
1911,135,504,NULL,NULL,2016-07-13 00:54:34
1912,135,753,NULL,NULL,2016-07-13 00:54:34
1913,135,508,NULL,NULL,2016-07-13 00:54:34
1914,135,820,NULL,NULL,2016-07-13 00:54:34
1915,135,500,NULL,NULL,2016-07-13 00:54:34
1916,135,552,NULL,NULL,2016-07-13 00:54:34
1917,135,521,NULL,NULL,2016-07-13 00:54:34
1918,135,717,NULL,NULL,2016-07-13 00:54:34
1919,135,560,NULL,NULL,2016-07-13 00:54:34
1920,135,764,NULL,NULL,2016-07-13 00:54:34
1921,135,811,NULL,NULL,2016-07-13 00:54:34
1922,135,556,NULL,NULL,2016-07-13 00:54:34
1923,135,573,NULL,NULL,2016-07-13 00:54:34
1924,135,538,NULL,NULL,2016-07-13 00:54:34
1925,135,611,NULL,NULL,2016-07-13 00:54:34
1926,135,610,NULL,NULL,2016-07-13 00:54:34
1927,135,862,NULL,NULL,2016-07-13 00:54:34
1928,135,576,NULL,NULL,2016-07-13 00:54:34
1929,135,770,NULL,NULL,2016-07-13 00:54:34
1930,135,661,NULL,NULL,2016-07-13 00:54:34
1931,135,641,NULL,NULL,2016-07-13 00:54:34
1932,135,825,NULL,NULL,2016-07-13 00:54:34
1933,135,807,NULL,NULL,2016-07-13 00:54:34
1934,135,855,NULL,NULL,2016-07-13 00:54:34
1935,135,507,NULL,NULL,2016-07-13 00:54:34
1936,135,819,NULL,NULL,2016-07-13 00:54:34
1937,135,657,NULL,NULL,2016-07-13 00:54:34
1938,135,612,NULL,NULL,2016-07-13 00:54:34
1939,135,624,NULL,NULL,2016-07-13 00:54:34
1940,135,725,NULL,NULL,2016-07-13 00:54:34
1941,135,588,NULL,NULL,2016-07-13 00:54:34
1942,135,881,NULL,NULL,2016-07-13 00:54:34
1943,135,619,NULL,NULL,2016-07-13 00:54:34
1944,135,543,NULL,NULL,2016-07-13 00:54:34
1945,135,638,NULL,NULL,2016-07-13 00:54:34
1946,135,609,NULL,NULL,2016-07-13 00:54:34
1947,135,555,NULL,NULL,2016-07-13 00:54:34
1948,135,530,NULL,NULL,2016-07-13 00:54:34
1949,135,539,NULL,NULL,2016-07-13 00:54:34
1950,135,581,NULL,NULL,2016-07-13 00:54:34
1951,135,547,NULL,NULL,2016-07-13 00:54:34
1952,135,605,NULL,NULL,2016-07-13 00:54:34
1953,135,540,NULL,NULL,2016-07-13 00:54:34
1954,135,531,NULL,NULL,2016-07-13 00:54:34
1955,135,789,NULL,NULL,2016-07-13 00:54:34
1956,135,671,NULL,NULL,2016-07-13 00:54:34
1957,135,760,NULL,NULL,2016-07-13 00:54:34
1958,135,709,NULL,NULL,2016-07-13 00:54:34
1959,135,526,NULL,NULL,2016-07-13 00:54:34
1960,135,626,NULL,NULL,2016-07-13 00:54:34
1961,135,625,NULL,NULL,2016-07-13 00:54:34
1962,135,511,NULL,NULL,2016-07-13 00:54:34
1963,135,549,NULL,NULL,2016-07-13 00:54:34
1964,135,705,NULL,NULL,2016-07-13 00:54:34
1965,135,548,NULL,NULL,2016-07-13 00:54:34
1966,135,554,NULL,NULL,2016-07-13 00:54:34
1967,135,627,NULL,NULL,2016-07-13 00:54:34
1968,135,678,NULL,NULL,2016-07-13 00:54:34
1969,135,577,NULL,NULL,2016-07-13 00:54:34
1970,135,550,NULL,NULL,2016-07-13 00:54:34
1971,135,810,NULL,NULL,2016-07-13 00:54:34
1972,135,536,NULL,NULL,2016-07-13 00:54:34
1973,135,771,NULL,NULL,2016-07-13 00:54:34
1974,135,596,NULL,NULL,2016-07-13 00:54:34
1975,137,3,NULL,NULL,2016-07-13 00:54:34
1976,137,6,NULL,NULL,2016-07-13 00:54:34
1977,137,2,NULL,NULL,2016-07-13 00:54:34
1978,137,8,NULL,NULL,2016-07-13 00:54:34
1979,137,1,NULL,NULL,2016-07-13 00:54:34
1980,137,9,NULL,NULL,2016-07-13 00:54:34
1981,137,5,NULL,NULL,2016-07-13 00:54:34
1982,137,4,NULL,NULL,2016-07-13 00:54:34
1983,137,7,NULL,NULL,2016-07-13 00:54:34
1984,138,1,NULL,NULL,2016-07-13 00:54:35
1985,138,2,NULL,NULL,2016-07-13 00:54:35
1986,138,3,NULL,NULL,2016-07-13 00:54:35
1987,138,4,NULL,NULL,2016-07-13 00:54:35
1988,138,5,NULL,NULL,2016-07-13 00:54:35
1989,138,6,NULL,NULL,2016-07-13 00:54:35
1990,138,7,NULL,NULL,2016-07-13 00:54:35
1991,138,8,NULL,NULL,2016-07-13 00:54:35
1992,138,9,NULL,NULL,2016-07-13 00:54:35
1993,138,10,NULL,NULL,2016-07-13 00:54:35
1994,138,11,NULL,NULL,2016-07-13 00:54:35
1995,138,12,NULL,NULL,2016-07-13 00:54:35
1996,138,13,NULL,NULL,2016-07-13 00:54:35
1997,138,14,NULL,NULL,2016-07-13 00:54:35
1998,138,15,NULL,NULL,2016-07-13 00:54:35
1999,138,16,NULL,NULL,2016-07-13 00:54:35
2000,140,2,NULL,NULL,2016-07-13 00:54:35
2001,140,1,NULL,NULL,2016-07-13 00:54:35
2002,140,3,NULL,NULL,2016-07-13 00:54:35
2003,140,4,NULL,NULL,2016-07-13 00:54:35
2004,141,1,NULL,NULL,2016-07-13 00:54:35
2005,141,2,NULL,NULL,2016-07-13 00:54:35
2006,142,284,NULL,NULL,2016-07-13 00:54:35
2007,142,283,NULL,NULL,2016-07-13 00:54:35
2008,142,1,NULL,NULL,2016-07-13 00:54:35
2009,142,2,NULL,NULL,2016-07-13 00:54:35
2010,142,3,NULL,NULL,2016-07-13 00:54:35
2011,142,4,NULL,NULL,2016-07-13 00:54:35
2012,142,5,NULL,NULL,2016-07-13 00:54:35
2013,142,6,NULL,NULL,2016-07-13 00:54:35
2014,142,7,NULL,NULL,2016-07-13 00:54:35
2015,142,8,NULL,NULL,2016-07-13 00:54:35
2016,142,9,NULL,NULL,2016-07-13 00:54:35
2017,142,10,NULL,NULL,2016-07-13 00:54:35
2018,142,11,NULL,NULL,2016-07-13 00:54:35
2019,142,12,NULL,NULL,2016-07-13 00:54:35
2020,142,13,NULL,NULL,2016-07-13 00:54:35
2021,142,14,NULL,NULL,2016-07-13 00:54:35
2022,142,15,NULL,NULL,2016-07-13 00:54:35
2023,142,16,NULL,NULL,2016-07-13 00:54:35
2024,142,17,NULL,NULL,2016-07-13 00:54:35
2025,142,18,NULL,NULL,2016-07-13 00:54:36
2026,142,19,NULL,NULL,2016-07-13 00:54:36
2027,142,20,NULL,NULL,2016-07-13 00:54:36
2028,142,21,NULL,NULL,2016-07-13 00:54:36
2029,142,22,NULL,NULL,2016-07-13 00:54:36
2030,142,23,NULL,NULL,2016-07-13 00:54:36
2031,142,24,NULL,NULL,2016-07-13 00:54:36
2032,142,25,NULL,NULL,2016-07-13 00:54:36
2033,142,26,NULL,NULL,2016-07-13 00:54:36
2034,142,27,NULL,NULL,2016-07-13 00:54:36
2035,142,28,NULL,NULL,2016-07-13 00:54:36
2036,142,29,NULL,NULL,2016-07-13 00:54:36
2037,142,30,NULL,NULL,2016-07-13 00:54:36
2038,142,31,NULL,NULL,2016-07-13 00:54:36
2039,142,32,NULL,NULL,2016-07-13 00:54:36
2040,142,33,NULL,NULL,2016-07-13 00:54:36
2041,142,34,NULL,NULL,2016-07-13 00:54:36
2042,142,35,NULL,NULL,2016-07-13 00:54:36
2043,142,36,NULL,NULL,2016-07-13 00:54:36
2044,142,37,NULL,NULL,2016-07-13 00:54:36
2045,142,38,NULL,NULL,2016-07-13 00:54:36
2046,142,39,NULL,NULL,2016-07-13 00:54:36
2047,142,40,NULL,NULL,2016-07-13 00:54:36
2048,142,41,NULL,NULL,2016-07-13 00:54:36
2049,142,42,NULL,NULL,2016-07-13 00:54:36
2050,142,43,NULL,NULL,2016-07-13 00:54:36
2051,142,44,NULL,NULL,2016-07-13 00:54:36
2052,142,45,NULL,NULL,2016-07-13 00:54:36
2053,142,46,NULL,NULL,2016-07-13 00:54:36
2054,142,47,NULL,NULL,2016-07-13 00:54:36
2055,142,48,NULL,NULL,2016-07-13 00:54:36
2056,142,49,NULL,NULL,2016-07-13 00:54:36
2057,142,50,NULL,NULL,2016-07-13 00:54:36
2058,142,51,NULL,NULL,2016-07-13 00:54:36
2059,142,52,NULL,NULL,2016-07-13 00:54:36
2060,142,53,NULL,NULL,2016-07-13 00:54:36
2061,142,54,NULL,NULL,2016-07-13 00:54:36
2062,142,55,NULL,NULL,2016-07-13 00:54:36
2063,142,56,NULL,NULL,2016-07-13 00:54:36
2064,142,57,NULL,NULL,2016-07-13 00:54:36
2065,142,58,NULL,NULL,2016-07-13 00:54:36
2066,142,59,NULL,NULL,2016-07-13 00:54:36
2067,142,60,NULL,NULL,2016-07-13 00:54:36
2068,142,61,NULL,NULL,2016-07-13 00:54:36
2069,142,62,NULL,NULL,2016-07-13 00:54:36
2070,142,63,NULL,NULL,2016-07-13 00:54:36
2071,142,64,NULL,NULL,2016-07-13 00:54:36
2072,142,65,NULL,NULL,2016-07-13 00:54:36
2073,142,66,NULL,NULL,2016-07-13 00:54:36
2074,142,67,NULL,NULL,2016-07-13 00:54:36
2075,142,68,NULL,NULL,2016-07-13 00:54:36
2076,142,69,NULL,NULL,2016-07-13 00:54:36
2077,142,70,NULL,NULL,2016-07-13 00:54:36
2078,142,71,NULL,NULL,2016-07-13 00:54:36
2079,142,72,NULL,NULL,2016-07-13 00:54:36
2080,142,73,NULL,NULL,2016-07-13 00:54:36
2081,142,74,NULL,NULL,2016-07-13 00:54:36
2082,142,75,NULL,NULL,2016-07-13 00:54:36
2083,142,76,NULL,NULL,2016-07-13 00:54:36
2084,142,77,NULL,NULL,2016-07-13 00:54:36
2085,142,78,NULL,NULL,2016-07-13 00:54:36
2086,142,79,NULL,NULL,2016-07-13 00:54:36
2087,142,80,NULL,NULL,2016-07-13 00:54:36
2088,142,81,NULL,NULL,2016-07-13 00:54:36
2089,142,82,NULL,NULL,2016-07-13 00:54:36
2090,142,83,NULL,NULL,2016-07-13 00:54:36
2091,142,84,NULL,NULL,2016-07-13 00:54:36
2092,142,85,NULL,NULL,2016-07-13 00:54:36
2093,142,86,NULL,NULL,2016-07-13 00:54:36
2094,142,87,NULL,NULL,2016-07-13 00:54:36
2095,142,88,NULL,NULL,2016-07-13 00:54:36
2096,142,89,NULL,NULL,2016-07-13 00:54:36
2097,142,90,NULL,NULL,2016-07-13 00:54:36
2098,142,91,NULL,NULL,2016-07-13 00:54:36
2099,142,92,NULL,NULL,2016-07-13 00:54:36
2100,142,93,NULL,NULL,2016-07-13 00:54:36
2101,142,94,NULL,NULL,2016-07-13 00:54:36
2102,142,95,NULL,NULL,2016-07-13 00:54:36
2103,142,96,NULL,NULL,2016-07-13 00:54:36
2104,142,97,NULL,NULL,2016-07-13 00:54:36
2105,142,98,NULL,NULL,2016-07-13 00:54:36
2106,142,99,NULL,NULL,2016-07-13 00:54:36
2107,142,100,NULL,NULL,2016-07-13 00:54:36
2108,142,101,NULL,NULL,2016-07-13 00:54:36
2109,142,102,NULL,NULL,2016-07-13 00:54:36
2110,142,103,NULL,NULL,2016-07-13 00:54:36
2111,142,104,NULL,NULL,2016-07-13 00:54:36
2112,142,105,NULL,NULL,2016-07-13 00:54:36
2113,142,106,NULL,NULL,2016-07-13 00:54:36
2114,142,107,NULL,NULL,2016-07-13 00:54:36
2115,142,108,NULL,NULL,2016-07-13 00:54:36
2116,142,109,NULL,NULL,2016-07-13 00:54:36
2117,142,110,NULL,NULL,2016-07-13 00:54:36
2118,142,111,NULL,NULL,2016-07-13 00:54:36
2119,142,112,NULL,NULL,2016-07-13 00:54:36
2120,142,113,NULL,NULL,2016-07-13 00:54:36
2121,142,114,NULL,NULL,2016-07-13 00:54:36
2122,142,115,NULL,NULL,2016-07-13 00:54:36
2123,142,116,NULL,NULL,2016-07-13 00:54:36
2124,142,117,NULL,NULL,2016-07-13 00:54:36
2125,142,118,NULL,NULL,2016-07-13 00:54:36
2126,142,119,NULL,NULL,2016-07-13 00:54:36
2127,142,120,NULL,NULL,2016-07-13 00:54:36
2128,142,121,NULL,NULL,2016-07-13 00:54:36
2129,142,122,NULL,NULL,2016-07-13 00:54:36
2130,142,123,NULL,NULL,2016-07-13 00:54:36
2131,142,124,NULL,NULL,2016-07-13 00:54:36
2132,142,125,NULL,NULL,2016-07-13 00:54:36
2133,142,126,NULL,NULL,2016-07-13 00:54:36
2134,142,127,NULL,NULL,2016-07-13 00:54:36
2135,142,128,NULL,NULL,2016-07-13 00:54:36
2136,142,129,NULL,NULL,2016-07-13 00:54:36
2137,142,130,NULL,NULL,2016-07-13 00:54:36
2138,142,131,NULL,NULL,2016-07-13 00:54:36
2139,142,132,NULL,NULL,2016-07-13 00:54:36
2140,142,133,NULL,NULL,2016-07-13 00:54:36
2141,142,134,NULL,NULL,2016-07-13 00:54:36
2142,142,135,NULL,NULL,2016-07-13 00:54:36
2143,142,136,NULL,NULL,2016-07-13 00:54:36
2144,142,137,NULL,NULL,2016-07-13 00:54:36
2145,142,138,NULL,NULL,2016-07-13 00:54:36
2146,142,139,NULL,NULL,2016-07-13 00:54:36
2147,142,140,NULL,NULL,2016-07-13 00:54:36
2148,142,141,NULL,NULL,2016-07-13 00:54:36
2149,142,142,NULL,NULL,2016-07-13 00:54:36
2150,142,143,NULL,NULL,2016-07-13 00:54:36
2151,142,144,NULL,NULL,2016-07-13 00:54:36
2152,142,145,NULL,NULL,2016-07-13 00:54:36
2153,142,146,NULL,NULL,2016-07-13 00:54:36
2154,142,147,NULL,NULL,2016-07-13 00:54:36
2155,142,148,NULL,NULL,2016-07-13 00:54:36
2156,142,149,NULL,NULL,2016-07-13 00:54:36
2157,142,150,NULL,NULL,2016-07-13 00:54:36
2158,142,151,NULL,NULL,2016-07-13 00:54:36
2159,142,152,NULL,NULL,2016-07-13 00:54:36
2160,142,153,NULL,NULL,2016-07-13 00:54:36
2161,142,154,NULL,NULL,2016-07-13 00:54:36
2162,142,155,NULL,NULL,2016-07-13 00:54:36
2163,142,156,NULL,NULL,2016-07-13 00:54:36
2164,142,157,NULL,NULL,2016-07-13 00:54:36
2165,142,158,NULL,NULL,2016-07-13 00:54:36
2166,142,159,NULL,NULL,2016-07-13 00:54:36
2167,142,160,NULL,NULL,2016-07-13 00:54:36
2168,142,161,NULL,NULL,2016-07-13 00:54:36
2169,142,162,NULL,NULL,2016-07-13 00:54:36
2170,142,163,NULL,NULL,2016-07-13 00:54:36
2171,142,164,NULL,NULL,2016-07-13 00:54:36
2172,142,165,NULL,NULL,2016-07-13 00:54:36
2173,142,166,NULL,NULL,2016-07-13 00:54:36
2174,142,167,NULL,NULL,2016-07-13 00:54:36
2175,142,168,NULL,NULL,2016-07-13 00:54:36
2176,142,169,NULL,NULL,2016-07-13 00:54:36
2177,142,170,NULL,NULL,2016-07-13 00:54:36
2178,142,171,NULL,NULL,2016-07-13 00:54:36
2179,142,172,NULL,NULL,2016-07-13 00:54:36
2180,142,173,NULL,NULL,2016-07-13 00:54:36
2181,142,174,NULL,NULL,2016-07-13 00:54:36
2182,142,175,NULL,NULL,2016-07-13 00:54:36
2183,142,176,NULL,NULL,2016-07-13 00:54:36
2184,142,177,NULL,NULL,2016-07-13 00:54:36
2185,142,178,NULL,NULL,2016-07-13 00:54:36
2186,142,179,NULL,NULL,2016-07-13 00:54:36
2187,142,180,NULL,NULL,2016-07-13 00:54:36
2188,142,181,NULL,NULL,2016-07-13 00:54:36
2189,142,182,NULL,NULL,2016-07-13 00:54:36
2190,142,183,NULL,NULL,2016-07-13 00:54:36
2191,142,184,NULL,NULL,2016-07-13 00:54:36
2192,142,185,NULL,NULL,2016-07-13 00:54:36
2193,142,186,NULL,NULL,2016-07-13 00:54:36
2194,142,187,NULL,NULL,2016-07-13 00:54:36
2195,142,188,NULL,NULL,2016-07-13 00:54:36
2196,142,189,NULL,NULL,2016-07-13 00:54:36
2197,142,190,NULL,NULL,2016-07-13 00:54:36
2198,142,191,NULL,NULL,2016-07-13 00:54:36
2199,142,192,NULL,NULL,2016-07-13 00:54:36
2200,142,193,NULL,NULL,2016-07-13 00:54:36
2201,142,194,NULL,NULL,2016-07-13 00:54:36
2202,142,195,NULL,NULL,2016-07-13 00:54:36
2203,142,196,NULL,NULL,2016-07-13 00:54:36
2204,142,197,NULL,NULL,2016-07-13 00:54:36
2205,142,198,NULL,NULL,2016-07-13 00:54:36
2206,142,199,NULL,NULL,2016-07-13 00:54:36
2207,142,200,NULL,NULL,2016-07-13 00:54:36
2208,142,201,NULL,NULL,2016-07-13 00:54:36
2209,142,202,NULL,NULL,2016-07-13 00:54:36
2210,142,203,NULL,NULL,2016-07-13 00:54:36
2211,142,204,NULL,NULL,2016-07-13 00:54:36
2212,142,205,NULL,NULL,2016-07-13 00:54:36
2213,142,206,NULL,NULL,2016-07-13 00:54:36
2214,142,207,NULL,NULL,2016-07-13 00:54:36
2215,142,208,NULL,NULL,2016-07-13 00:54:36
2216,142,209,NULL,NULL,2016-07-13 00:54:36
2217,142,210,NULL,NULL,2016-07-13 00:54:36
2218,142,211,NULL,NULL,2016-07-13 00:54:36
2219,142,212,NULL,NULL,2016-07-13 00:54:36
2220,142,213,NULL,NULL,2016-07-13 00:54:36
2221,142,214,NULL,NULL,2016-07-13 00:54:36
2222,142,215,NULL,NULL,2016-07-13 00:54:36
2223,142,216,NULL,NULL,2016-07-13 00:54:36
2224,142,217,NULL,NULL,2016-07-13 00:54:36
2225,142,218,NULL,NULL,2016-07-13 00:54:36
2226,142,219,NULL,NULL,2016-07-13 00:54:36
2227,142,220,NULL,NULL,2016-07-13 00:54:36
2228,142,221,NULL,NULL,2016-07-13 00:54:36
2229,142,222,NULL,NULL,2016-07-13 00:54:36
2230,142,223,NULL,NULL,2016-07-13 00:54:36
2231,142,224,NULL,NULL,2016-07-13 00:54:36
2232,142,225,NULL,NULL,2016-07-13 00:54:36
2233,142,226,NULL,NULL,2016-07-13 00:54:36
2234,142,227,NULL,NULL,2016-07-13 00:54:36
2235,142,228,NULL,NULL,2016-07-13 00:54:36
2236,142,229,NULL,NULL,2016-07-13 00:54:36
2237,142,230,NULL,NULL,2016-07-13 00:54:36
2238,142,231,NULL,NULL,2016-07-13 00:54:36
2239,142,232,NULL,NULL,2016-07-13 00:54:36
2240,142,233,NULL,NULL,2016-07-13 00:54:36
2241,142,234,NULL,NULL,2016-07-13 00:54:36
2242,142,235,NULL,NULL,2016-07-13 00:54:36
2243,142,236,NULL,NULL,2016-07-13 00:54:36
2244,142,237,NULL,NULL,2016-07-13 00:54:36
2245,142,238,NULL,NULL,2016-07-13 00:54:36
2246,142,239,NULL,NULL,2016-07-13 00:54:36
2247,142,240,NULL,NULL,2016-07-13 00:54:36
2248,142,241,NULL,NULL,2016-07-13 00:54:36
2249,142,242,NULL,NULL,2016-07-13 00:54:36
2250,142,243,NULL,NULL,2016-07-13 00:54:36
2251,142,244,NULL,NULL,2016-07-13 00:54:36
2252,142,245,NULL,NULL,2016-07-13 00:54:36
2253,142,246,NULL,NULL,2016-07-13 00:54:36
2254,142,247,NULL,NULL,2016-07-13 00:54:36
2255,142,248,NULL,NULL,2016-07-13 00:54:36
2256,142,249,NULL,NULL,2016-07-13 00:54:36
2257,142,250,NULL,NULL,2016-07-13 00:54:36
2258,142,251,NULL,NULL,2016-07-13 00:54:36
2259,142,252,NULL,NULL,2016-07-13 00:54:36
2260,142,253,NULL,NULL,2016-07-13 00:54:36
2261,142,254,NULL,NULL,2016-07-13 00:54:36
2262,142,255,NULL,NULL,2016-07-13 00:54:36
2263,142,256,NULL,NULL,2016-07-13 00:54:36
2264,142,257,NULL,NULL,2016-07-13 00:54:36
2265,142,258,NULL,NULL,2016-07-13 00:54:36
2266,142,259,NULL,NULL,2016-07-13 00:54:36
2267,142,260,NULL,NULL,2016-07-13 00:54:36
2268,142,261,NULL,NULL,2016-07-13 00:54:36
2269,142,262,NULL,NULL,2016-07-13 00:54:36
2270,142,263,NULL,NULL,2016-07-13 00:54:36
2271,142,264,NULL,NULL,2016-07-13 00:54:36
2272,142,265,NULL,NULL,2016-07-13 00:54:36
2273,142,266,NULL,NULL,2016-07-13 00:54:36
2274,142,267,NULL,NULL,2016-07-13 00:54:36
2275,142,268,NULL,NULL,2016-07-13 00:54:36
2276,142,269,NULL,NULL,2016-07-13 00:54:36
2277,142,270,NULL,NULL,2016-07-13 00:54:36
2278,142,271,NULL,NULL,2016-07-13 00:54:36
2279,142,272,NULL,NULL,2016-07-13 00:54:36
2280,142,273,NULL,NULL,2016-07-13 00:54:36
2281,142,274,NULL,NULL,2016-07-13 00:54:36
2282,142,275,NULL,NULL,2016-07-13 00:54:36
2283,142,276,NULL,NULL,2016-07-13 00:54:36
2284,142,277,NULL,NULL,2016-07-13 00:54:36
2285,142,278,NULL,NULL,2016-07-13 00:54:36
2286,142,279,NULL,NULL,2016-07-13 00:54:36
2287,142,280,NULL,NULL,2016-07-13 00:54:36
2288,142,281,NULL,NULL,2016-07-13 00:54:36
2289,142,282,20,NULL,2016-07-13 00:54:36
2290,147,1,NULL,NULL,2016-07-13 00:54:37
2291,147,2,NULL,NULL,2016-07-13 00:54:37
2292,147,3,NULL,NULL,2016-07-13 00:54:37
2293,147,4,NULL,NULL,2016-07-13 00:54:37
2294,147,5,NULL,NULL,2016-07-13 00:54:37
2295,147,6,NULL,NULL,2016-07-13 00:54:37
2296,147,7,NULL,NULL,2016-07-13 00:54:37
2297,147,8,NULL,NULL,2016-07-13 00:54:37
2298,147,9,NULL,NULL,2016-07-13 00:54:37
2299,147,10,NULL,NULL,2016-07-13 00:54:37
2300,147,11,NULL,NULL,2016-07-13 00:54:37
2301,147,12,NULL,NULL,2016-07-13 00:54:37
2302,147,13,NULL,NULL,2016-07-13 00:54:37
2303,147,14,NULL,NULL,2016-07-13 00:54:37
2304,147,15,NULL,NULL,2016-07-13 00:54:37
2305,147,16,NULL,NULL,2016-07-13 00:54:37
2306,147,17,NULL,NULL,2016-07-13 00:54:37
2307,147,18,NULL,NULL,2016-07-13 00:54:37
2308,147,19,NULL,NULL,2016-07-13 00:54:37
2309,147,20,NULL,NULL,2016-07-13 00:54:37
2310,147,21,NULL,NULL,2016-07-13 00:54:37
2311,147,22,NULL,NULL,2016-07-13 00:54:37
2312,147,23,NULL,NULL,2016-07-13 00:54:37
2313,147,24,NULL,NULL,2016-07-13 00:54:37
2314,147,25,NULL,NULL,2016-07-13 00:54:37
2315,147,26,NULL,NULL,2016-07-13 00:54:37
2316,147,27,NULL,NULL,2016-07-13 00:54:37
2317,148,1,NULL,NULL,2016-07-13 00:54:38
2318,148,2,NULL,NULL,2016-07-13 00:54:38
2319,149,1,NULL,NULL,2016-07-13 00:54:38
2320,149,2,NULL,NULL,2016-07-13 00:54:38
2321,149,3,NULL,NULL,2016-07-13 00:54:38
2322,149,4,NULL,NULL,2016-07-13 00:54:38
2323,149,5,NULL,NULL,2016-07-13 00:54:38
2324,149,6,NULL,NULL,2016-07-13 00:54:38
2325,149,7,NULL,NULL,2016-07-13 00:54:38
2326,149,8,NULL,NULL,2016-07-13 00:54:38
2327,149,-3105,NULL,NULL,2016-07-13 00:54:38
2328,150,1,NULL,NULL,2016-07-13 00:54:38
2329,150,2,NULL,NULL,2016-07-13 00:54:38
2330,150,3,NULL,NULL,2016-07-13 00:54:38
2331,150,4,NULL,NULL,2016-07-13 00:54:38
2332,150,5,NULL,NULL,2016-07-13 00:54:38
2333,150,6,NULL,NULL,2016-07-13 00:54:38
2334,150,-3105,NULL,NULL,2016-07-13 00:54:38
2335,151,1,NULL,NULL,2016-07-13 00:54:38
2336,151,2,NULL,NULL,2016-07-13 00:54:38
2337,151,3,NULL,NULL,2016-07-13 00:54:38
2338,151,4,NULL,NULL,2016-07-13 00:54:38
2339,151,5,NULL,NULL,2016-07-13 00:54:38
2340,151,6,NULL,NULL,2016-07-13 00:54:38
2341,151,-3105,NULL,NULL,2016-07-13 00:54:38
2342,152,1,NULL,NULL,2016-07-13 00:54:38
2343,152,2,NULL,NULL,2016-07-13 00:54:38
2344,152,3,NULL,NULL,2016-07-13 00:54:38
2345,152,4,NULL,NULL,2016-07-13 00:54:38
2346,152,5,NULL,NULL,2016-07-13 00:54:38
2347,152,-3105,NULL,NULL,2016-07-13 00:54:38
2348,153,1,NULL,NULL,2016-07-13 00:54:39
2349,153,2,NULL,NULL,2016-07-13 00:54:39
2350,153,3,NULL,NULL,2016-07-13 00:54:39
2351,153,4,NULL,NULL,2016-07-13 00:54:39
2352,153,5,NULL,NULL,2016-07-13 00:54:39
2353,153,6,NULL,NULL,2016-07-13 00:54:39
2354,153,7,NULL,NULL,2016-07-13 00:54:39
2355,153,8,NULL,NULL,2016-07-13 00:54:39
2356,153,9,NULL,NULL,2016-07-13 00:54:39
2357,153,10,NULL,NULL,2016-07-13 00:54:39
2358,153,11,NULL,NULL,2016-07-13 00:54:39
2359,153,12,NULL,NULL,2016-07-13 00:54:39
2360,153,13,NULL,NULL,2016-07-13 00:54:39
2361,153,14,NULL,NULL,2016-07-13 00:54:39
2362,153,15,NULL,NULL,2016-07-13 00:54:39
2363,153,16,NULL,NULL,2016-07-13 00:54:39
2364,153,17,NULL,NULL,2016-07-13 00:54:39
2365,153,18,NULL,NULL,2016-07-13 00:54:39
2366,153,19,NULL,NULL,2016-07-13 00:54:39
2367,153,20,NULL,NULL,2016-07-13 00:54:39
2368,153,21,NULL,NULL,2016-07-13 00:54:39
2369,153,22,NULL,NULL,2016-07-13 00:54:39
2370,153,23,NULL,NULL,2016-07-13 00:54:39
2371,153,24,NULL,NULL,2016-07-13 00:54:39
2372,153,25,NULL,NULL,2016-07-13 00:54:39
2373,153,26,NULL,NULL,2016-07-13 00:54:39
2374,154,1,NULL,NULL,2016-07-13 00:54:39
2375,154,2,NULL,NULL,2016-07-13 00:54:39
2376,154,3,NULL,NULL,2016-07-13 00:54:39
2377,154,4,NULL,NULL,2016-07-13 00:54:39
2378,154,5,NULL,NULL,2016-07-13 00:54:39
2379,154,6,NULL,NULL,2016-07-13 00:54:39
2380,154,7,NULL,NULL,2016-07-13 00:54:39
2381,154,8,NULL,NULL,2016-07-13 00:54:39
2382,155,1,NULL,NULL,2016-07-13 00:54:39
2383,155,2,NULL,NULL,2016-07-13 00:54:39
2384,156,1,NULL,NULL,2016-07-13 00:54:39
2385,156,2,NULL,NULL,2016-07-13 00:54:39
2386,156,3,NULL,NULL,2016-07-13 00:54:39
2387,156,4,NULL,NULL,2016-07-13 00:54:39
2388,156,5,NULL,NULL,2016-07-13 00:54:39
2389,156,6,NULL,NULL,2016-07-13 00:54:39
2390,156,-3105,NULL,NULL,2016-07-13 00:54:39
2391,157,1,NULL,NULL,2016-07-13 00:54:39
2392,157,2,NULL,NULL,2016-07-13 00:54:39
2393,157,3,NULL,NULL,2016-07-13 00:54:39
2394,157,4,NULL,NULL,2016-07-13 00:54:39
2395,158,1,NULL,NULL,2016-07-13 00:54:40
2396,158,2,NULL,NULL,2016-07-13 00:54:40
2397,158,3,NULL,NULL,2016-07-13 00:54:40
2398,158,4,NULL,NULL,2016-07-13 00:54:40
2399,158,5,NULL,NULL,2016-07-13 00:54:40
2400,159,1,NULL,NULL,2016-07-13 00:54:40
2401,159,2,NULL,NULL,2016-07-13 00:54:40
2402,159,3,NULL,NULL,2016-07-13 00:54:40
2403,159,4,NULL,NULL,2016-07-13 00:54:40
2404,159,5,NULL,NULL,2016-07-13 00:54:40
2405,159,6,NULL,NULL,2016-07-13 00:54:40
2406,159,7,NULL,NULL,2016-07-13 00:54:40
2407,159,8,NULL,NULL,2016-07-13 00:54:40
2408,160,1,NULL,NULL,2016-07-13 00:54:40
2409,160,2,NULL,NULL,2016-07-13 00:54:40
2410,165,,NULL,NULL,2016-07-13 00:54:41
2411,166,,NULL,NULL,2016-07-13 00:54:41
2412,198,1,NULL,NULL,2016-07-13 00:54:48
2413,198,2,NULL,NULL,2016-07-13 00:54:48
2414,198,3,NULL,NULL,2016-07-13 00:54:48
2415,198,4,NULL,NULL,2016-07-13 00:54:48
2416,198,5,NULL,NULL,2016-07-13 00:54:48
2417,198,6,NULL,NULL,2016-07-13 00:54:48
2418,198,7,NULL,NULL,2016-07-13 00:54:48
2419,198,8,NULL,NULL,2016-07-13 00:54:48
2420,198,9,NULL,NULL,2016-07-13 00:54:48
2421,198,10,NULL,NULL,2016-07-13 00:54:48
2422,198,11,NULL,NULL,2016-07-13 00:54:48
2423,198,12,NULL,NULL,2016-07-13 00:54:48
2424,198,13,NULL,NULL,2016-07-13 00:54:48
2425,198,14,NULL,NULL,2016-07-13 00:54:48
2426,198,15,NULL,NULL,2016-07-13 00:54:48
2427,198,16,NULL,NULL,2016-07-13 00:54:48
2428,198,17,NULL,NULL,2016-07-13 00:54:48
2429,198,18,NULL,NULL,2016-07-13 00:54:48
2430,198,19,NULL,NULL,2016-07-13 00:54:48
2431,198,20,NULL,NULL,2016-07-13 00:54:48
2432,198,21,NULL,NULL,2016-07-13 00:54:48
2433,198,22,NULL,NULL,2016-07-13 00:54:48
2434,198,23,NULL,NULL,2016-07-13 00:54:48
2435,198,24,NULL,NULL,2016-07-13 00:54:48
2436,198,25,NULL,NULL,2016-07-13 00:54:48